filename,label,pred,inference_time_seconds
n02085620_13964.jpg,n02085620-Chihuahua,n02085620-Chihuahua,0.0622
n02085620_3409.jpg,n02085620-Chihuahua,n02107312-miniature_pinscher,0.0086
n02085620_3593.jpg,n02085620-Chihuahua,n02085620-Chihuahua,0.0089
n02085620_4159.jpg,n02085620-Chihuahua,n02085620-Chihuahua,0.0084
n02085620_6295.jpg,n02085620-Chihuahua,n02085620-Chihuahua,0.0089
n02085620_6931.jpg,n02085620-Chihuahua,n02112706-Brabancon_griffon,0.0102
n02085620_735.jpg,n02085620-Chihuahua,n02087046-toy_terrier,0.0093
n02085620_7436.jpg,n02085620-Chihuahua,n02085620-Chihuahua,0.0087
n02085620_8558.jpg,n02085620-Chihuahua,n02085620-Chihuahua,0.0101
n02085620_952.jpg,n02085620-Chihuahua,n02085620-Chihuahua,0.0099
n02085782_1085.jpg,n02085782-Japanese_spaniel,n02085782-Japanese_spaniel,0.0095
n02085782_1521.jpg,n02085782-Japanese_spaniel,n02085782-Japanese_spaniel,0.0098
n02085782_1626.jpg,n02085782-Japanese_spaniel,n02085782-Japanese_spaniel,0.0093
n02085782_2914.jpg,n02085782-Japanese_spaniel,n02085782-Japanese_spaniel,0.0096
n02085782_4294.jpg,n02085782-Japanese_spaniel,n02085782-Japanese_spaniel,0.009
n02085782_4698.jpg,n02085782-Japanese_spaniel,n02085782-Japanese_spaniel,0.0087
n02085782_4798.jpg,n02085782-Japanese_spaniel,n02085782-Japanese_spaniel,0.0088
n02085782_668.jpg,n02085782-Japanese_spaniel,n02085782-Japanese_spaniel,0.0087
n02085782_754.jpg,n02085782-Japanese_spaniel,n02085782-Japanese_spaniel,0.01
n02085782_757.jpg,n02085782-Japanese_spaniel,n02085782-Japanese_spaniel,0.009
n02085782_810.jpg,n02085782-Japanese_spaniel,n02085782-Japanese_spaniel,0.0099
n02085782_962.jpg,n02085782-Japanese_spaniel,n02087046-toy_terrier,0.0103
n02085936_16190.jpg,n02085936-Maltese_dog,n02085936-Maltese_dog,0.0094
n02085936_17116.jpg,n02085936-Maltese_dog,n02085936-Maltese_dog,0.0075
n02085936_20076.jpg,n02085936-Maltese_dog,n02085936-Maltese_dog,0.0091
n02085936_20610.jpg,n02085936-Maltese_dog,n02085936-Maltese_dog,0.0079
n02085936_2154.jpg,n02085936-Maltese_dog,n02085936-Maltese_dog,0.0097
n02085936_2543.jpg,n02085936-Maltese_dog,n02085936-Maltese_dog,0.0076
n02085936_25908.jpg,n02085936-Maltese_dog,n02085936-Maltese_dog,0.0096
n02085936_2905.jpg,n02085936-Maltese_dog,n02085936-Maltese_dog,0.0075
n02085936_3326.jpg,n02085936-Maltese_dog,n02085936-Maltese_dog,0.0103
n02085936_352.jpg,n02085936-Maltese_dog,n02085936-Maltese_dog,0.0075
n02085936_4318.jpg,n02085936-Maltese_dog,n02085936-Maltese_dog,0.0094
n02085936_500.jpg,n02085936-Maltese_dog,n02085936-Maltese_dog,0.0074
n02085936_5545.jpg,n02085936-Maltese_dog,n02085936-Maltese_dog,0.0088
n02085936_6942.jpg,n02085936-Maltese_dog,n02085936-Maltese_dog,0.0075
n02085936_7941.jpg,n02085936-Maltese_dog,n02085936-Maltese_dog,0.0087
n02085936_804.jpg,n02085936-Maltese_dog,n02085936-Maltese_dog,0.0074
n02086079_10059.jpg,n02086079-Pekinese,n02086079-Pekinese,0.0099
n02086079_10294.jpg,n02086079-Pekinese,n02086079-Pekinese,0.0102
n02086079_10932.jpg,n02086079-Pekinese,n02086079-Pekinese,0.0076
n02086079_16979.jpg,n02086079-Pekinese,n02086079-Pekinese,0.0101
n02086079_207.jpg,n02086079-Pekinese,n02086079-Pekinese,0.0079
n02086079_380.jpg,n02086079-Pekinese,n02086079-Pekinese,0.0076
n02086079_4412.jpg,n02086079-Pekinese,n02086079-Pekinese,0.0077
n02086079_6926.jpg,n02086079-Pekinese,n02086079-Pekinese,0.0076
n02086079_9756.jpg,n02086079-Pekinese,n02086079-Pekinese,0.0075
n02086240_1016.jpg,n02086240-Shih-Tzu,n02086240-Shih-Tzu,0.0077
n02086240_10785.jpg,n02086240-Shih-Tzu,n02086240-Shih-Tzu,0.01
n02086240_11551.jpg,n02086240-Shih-Tzu,n02085936-Maltese_dog,0.0077
n02086240_134.jpg,n02086240-Shih-Tzu,n02098413-Lhasa,0.0098
n02086240_1370.jpg,n02086240-Shih-Tzu,n02086240-Shih-Tzu,0.0076
n02086240_1770.jpg,n02086240-Shih-Tzu,n02086240-Shih-Tzu,0.0076
n02086240_1859.jpg,n02086240-Shih-Tzu,n02086240-Shih-Tzu,0.0077
n02086240_3961.jpg,n02086240-Shih-Tzu,n02086240-Shih-Tzu,0.0075
n02086240_4751.jpg,n02086240-Shih-Tzu,n02086240-Shih-Tzu,0.0086
n02086240_5246.jpg,n02086240-Shih-Tzu,n02098413-Lhasa,0.0084
n02086240_6849.jpg,n02086240-Shih-Tzu,n02110627-affenpinscher,0.0083
n02086240_7142.jpg,n02086240-Shih-Tzu,n02086240-Shih-Tzu,0.0087
n02086240_789.jpg,n02086240-Shih-Tzu,n02086240-Shih-Tzu,0.0083
n02086646_1002.jpg,n02086646-Blenheim_spaniel,n02086646-Blenheim_spaniel,0.0076
n02086646_1342.jpg,n02086646-Blenheim_spaniel,n02086646-Blenheim_spaniel,0.0076
n02086646_1447.jpg,n02086646-Blenheim_spaniel,n02086646-Blenheim_spaniel,0.0077
n02086646_1677.jpg,n02086646-Blenheim_spaniel,n02086646-Blenheim_spaniel,0.0078
n02086646_1825.jpg,n02086646-Blenheim_spaniel,n02086646-Blenheim_spaniel,0.008
n02086646_2955.jpg,n02086646-Blenheim_spaniel,n02086646-Blenheim_spaniel,0.0076
n02086646_3.jpg,n02086646-Blenheim_spaniel,n02086646-Blenheim_spaniel,0.0093
n02086646_3149.jpg,n02086646-Blenheim_spaniel,n02086646-Blenheim_spaniel,0.01
n02086646_3741.jpg,n02086646-Blenheim_spaniel,n02086646-Blenheim_spaniel,0.0075
n02086646_4133.jpg,n02086646-Blenheim_spaniel,n02086646-Blenheim_spaniel,0.0101
n02086646_4177.jpg,n02086646-Blenheim_spaniel,n02086646-Blenheim_spaniel,0.0079
n02086646_4220.jpg,n02086646-Blenheim_spaniel,n02102177-Welsh_springer_spaniel,0.0079
n02086910_1501.jpg,n02086910-papillon,n02086910-papillon,0.0079
n02086910_2016.jpg,n02086910-papillon,n02086910-papillon,0.0077
n02086910_2084.jpg,n02086910-papillon,n02086910-papillon,0.0076
n02086910_2188.jpg,n02086910-papillon,n02086910-papillon,0.0086
n02086910_2240.jpg,n02086910-papillon,n02086910-papillon,0.0077
n02086910_2380.jpg,n02086910-papillon,n02086910-papillon,0.0076
n02086910_4551.jpg,n02086910-papillon,n02086910-papillon,0.0078
n02086910_6089.jpg,n02086910-papillon,n02086910-papillon,0.0075
n02086910_6882.jpg,n02086910-papillon,n02086910-papillon,0.0077
n02086910_7837.jpg,n02086910-papillon,n02086910-papillon,0.0076
n02086910_8091.jpg,n02086910-papillon,n02086910-papillon,0.0077
n02086910_9000.jpg,n02086910-papillon,n02086910-papillon,0.0076
n02087046_1666.jpg,n02087046-toy_terrier,n02087046-toy_terrier,0.0075
n02087046_2152.jpg,n02087046-toy_terrier,n02087046-toy_terrier,0.0076
n02087046_2168.jpg,n02087046-toy_terrier,n02107312-miniature_pinscher,0.0076
n02087046_217.jpg,n02087046-toy_terrier,n02085620-Chihuahua,0.0076
n02087046_224.jpg,n02087046-toy_terrier,n02087046-toy_terrier,0.0076
n02087046_336.jpg,n02087046-toy_terrier,n02108915-French_bulldog,0.0077
n02087046_5325.jpg,n02087046-toy_terrier,n02087046-toy_terrier,0.0079
n02087046_5383.jpg,n02087046-toy_terrier,n02107312-miniature_pinscher,0.0076
n02087046_5838.jpg,n02087046-toy_terrier,n02087046-toy_terrier,0.008
n02087046_6179.jpg,n02087046-toy_terrier,n02107312-miniature_pinscher,0.0077
n02087046_8471.jpg,n02087046-toy_terrier,n02087046-toy_terrier,0.0078
n02088094_10263.jpg,n02088094-Afghan_hound,n02088094-Afghan_hound,0.0077
n02088094_12879.jpg,n02088094-Afghan_hound,n02088094-Afghan_hound,0.0076
n02088094_1335.jpg,n02088094-Afghan_hound,n02088094-Afghan_hound,0.0076
n02088094_2292.jpg,n02088094-Afghan_hound,n02088094-Afghan_hound,0.0081
n02088094_231.jpg,n02088094-Afghan_hound,n02088094-Afghan_hound,0.0077
n02088094_2626.jpg,n02088094-Afghan_hound,n02088094-Afghan_hound,0.0077
n02088094_3201.jpg,n02088094-Afghan_hound,n02088094-Afghan_hound,0.0079
n02088094_3400.jpg,n02088094-Afghan_hound,n02088094-Afghan_hound,0.0077
n02088094_3630.jpg,n02088094-Afghan_hound,n02088094-Afghan_hound,0.008
n02088094_4037.jpg,n02088094-Afghan_hound,n02088094-Afghan_hound,0.0077
n02088094_4598.jpg,n02088094-Afghan_hound,n02088094-Afghan_hound,0.008
n02088094_5080.jpg,n02088094-Afghan_hound,n02088094-Afghan_hound,0.0075
n02088094_515.jpg,n02088094-Afghan_hound,n02088094-Afghan_hound,0.0078
n02088094_5436.jpg,n02088094-Afghan_hound,n02088094-Afghan_hound,0.0077
n02088094_988.jpg,n02088094-Afghan_hound,n02088094-Afghan_hound,0.0095
n02088238_10682.jpg,n02088238-basset,n02089867-Walker_hound,0.0076
n02088238_11200.jpg,n02088238-basset,n02088238-basset,0.0076
n02088238_12974.jpg,n02088238-basset,n02088238-basset,0.0076
n02088238_1454.jpg,n02088238-basset,n02088238-basset,0.0078
n02088238_2822.jpg,n02088238-basset,n02088238-basset,0.0077
n02088238_3579.jpg,n02088238-basset,n02088238-basset,0.0082
n02088238_6161.jpg,n02088238-basset,n02088238-basset,0.0076
n02088238_664.jpg,n02088238-basset,n02088466-bloodhound,0.0077
n02088238_8140.jpg,n02088238-basset,n02088238-basset,0.0077
n02088238_9626.jpg,n02088238-basset,n02088238-basset,0.008
n02088238_9778.jpg,n02088238-basset,n02088364-beagle,0.0078
n02088364_10206.jpg,n02088364-beagle,n02088364-beagle,0.0085
n02088364_11147.jpg,n02088364-beagle,n02088364-beagle,0.0075
n02088364_11828.jpg,n02088364-beagle,n02088364-beagle,0.01
n02088364_12178.jpg,n02088364-beagle,n02088364-beagle,0.01
n02088364_12213.jpg,n02088364-beagle,n02088364-beagle,0.0101
n02088364_12713.jpg,n02088364-beagle,n02088364-beagle,0.0099
n02088364_12869.jpg,n02088364-beagle,n02088364-beagle,0.01
n02088364_1384.jpg,n02088364-beagle,n02088364-beagle,0.0099
n02088364_14095.jpg,n02088364-beagle,n02088364-beagle,0.0099
n02088364_14369.jpg,n02088364-beagle,n02088364-beagle,0.009
n02088364_16519.jpg,n02088364-beagle,n02096585-Boston_bull,0.01
n02088364_16791.jpg,n02088364-beagle,n02088364-beagle,0.0102
n02088466_10083.jpg,n02088466-bloodhound,n02088466-bloodhound,0.0098
n02088466_3333.jpg,n02088466-bloodhound,n02088466-bloodhound,0.0101
n02088466_6712.jpg,n02088466-bloodhound,n02088466-bloodhound,0.0101
n02088466_6834.jpg,n02088466-bloodhound,n02088466-bloodhound,0.0097
n02088466_7178.jpg,n02088466-bloodhound,n02088466-bloodhound,0.0098
n02088466_8335.jpg,n02088466-bloodhound,n02088466-bloodhound,0.0103
n02088466_8645.jpg,n02088466-bloodhound,n02088466-bloodhound,0.0075
n02088466_8775.jpg,n02088466-bloodhound,n02088466-bloodhound,0.0077
n02088466_8801.jpg,n02088466-bloodhound,n02108422-bull_mastiff,0.0075
n02088466_8813.jpg,n02088466-bloodhound,n02088466-bloodhound,0.0078
n02088466_9237.jpg,n02088466-bloodhound,n02088466-bloodhound,0.0075
n02088466_9533.jpg,n02088466-bloodhound,n02088466-bloodhound,0.0082
n02088632_1625.jpg,n02088632-bluetick,n02089867-Walker_hound,0.0076
n02088632_2162.jpg,n02088632-bluetick,n02088632-bluetick,0.0079
n02088632_2709.jpg,n02088632-bluetick,n02088632-bluetick,0.0076
n02088632_2736.jpg,n02088632-bluetick,n02088632-bluetick,0.0078
n02088632_336.jpg,n02088632-bluetick,n02088632-bluetick,0.0076
n02088632_3585.jpg,n02088632-bluetick,n02088632-bluetick,0.0077
n02088632_3828.jpg,n02088632-bluetick,n02100236-German_short-haired_pointer,0.0076
n02088632_3993.jpg,n02088632-bluetick,n02088238-basset,0.0076
n02088632_4647.jpg,n02088632-bluetick,n02088632-bluetick,0.0077
n02088632_679.jpg,n02088632-bluetick,n02088632-bluetick,0.0077
n02088632_70.jpg,n02088632-bluetick,n02088632-bluetick,0.0076
n02089078_1275.jpg,n02089078-black-and-tan_coonhound,n02089078-black-and-tan_coonhound,0.0076
n02089078_2337.jpg,n02089078-black-and-tan_coonhound,n02089078-black-and-tan_coonhound,0.0075
n02089078_2684.jpg,n02089078-black-and-tan_coonhound,n02089078-black-and-tan_coonhound,0.0077
n02089078_2962.jpg,n02089078-black-and-tan_coonhound,n02089078-black-and-tan_coonhound,0.0077
n02089078_3188.jpg,n02089078-black-and-tan_coonhound,n02089078-black-and-tan_coonhound,0.0077
n02089078_3543.jpg,n02089078-black-and-tan_coonhound,n02089078-black-and-tan_coonhound,0.0081
n02089078_4024.jpg,n02089078-black-and-tan_coonhound,n02099267-flat-coated_retriever,0.0079
n02089078_445.jpg,n02089078-black-and-tan_coonhound,n02093256-Staffordshire_bullterrier,0.0076
n02089078_52.jpg,n02089078-black-and-tan_coonhound,n02089078-black-and-tan_coonhound,0.0075
n02089078_727.jpg,n02089078-black-and-tan_coonhound,n02089078-black-and-tan_coonhound,0.0076
n02089867_1225.jpg,n02089867-Walker_hound,n02089867-Walker_hound,0.0077
n02089867_1240.jpg,n02089867-Walker_hound,n02089867-Walker_hound,0.0077
n02089867_1412.jpg,n02089867-Walker_hound,n02089867-Walker_hound,0.0076
n02089867_1599.jpg,n02089867-Walker_hound,n02088364-beagle,0.0076
n02089867_1786.jpg,n02089867-Walker_hound,n02089867-Walker_hound,0.0075
n02089867_1863.jpg,n02089867-Walker_hound,n02101388-Brittany_spaniel,0.0075
n02089867_2295.jpg,n02089867-Walker_hound,n02089867-Walker_hound,0.0082
n02089867_2382.jpg,n02089867-Walker_hound,n02089867-Walker_hound,0.0085
n02089867_24.jpg,n02089867-Walker_hound,n02089867-Walker_hound,0.0075
n02089867_3103.jpg,n02089867-Walker_hound,n02089867-Walker_hound,0.0077
n02089973_1260.jpg,n02089973-English_foxhound,n02089973-English_foxhound,0.0075
n02089973_1303.jpg,n02089973-English_foxhound,n02089973-English_foxhound,0.0075
n02089973_1356.jpg,n02089973-English_foxhound,n02089867-Walker_hound,0.0083
n02089973_1623.jpg,n02089973-English_foxhound,n02089867-Walker_hound,0.0077
n02089973_2484.jpg,n02089973-English_foxhound,n02089867-Walker_hound,0.0076
n02089973_2756.jpg,n02089973-English_foxhound,n02091134-whippet,0.0078
n02089973_3160.jpg,n02089973-English_foxhound,n02089973-English_foxhound,0.0077
n02089973_3604.jpg,n02089973-English_foxhound,n02089973-English_foxhound,0.0079
n02089973_4084.jpg,n02089973-English_foxhound,n02089973-English_foxhound,0.0081
n02089973_529.jpg,n02089973-English_foxhound,n02089973-English_foxhound,0.0079
n02090622_10492.jpg,n02090622-borzoi,n02090622-borzoi,0.0076
n02090622_3210.jpg,n02090622-borzoi,n02090622-borzoi,0.0076
n02090622_6123.jpg,n02090622-borzoi,n02090622-borzoi,0.0075
n02090622_6372.jpg,n02090622-borzoi,n02090622-borzoi,0.0076
n02090622_6566.jpg,n02090622-borzoi,n02090622-borzoi,0.0077
n02090622_693.jpg,n02090622-borzoi,n02090622-borzoi,0.0076
n02090622_7142.jpg,n02090622-borzoi,n02090622-borzoi,0.0078
n02090622_7172.jpg,n02090622-borzoi,n02090622-borzoi,0.0078
n02090622_8849.jpg,n02090622-borzoi,n02090622-borzoi,0.0079
n02090721_1636.jpg,n02090721-Irish_wolfhound,n02090721-Irish_wolfhound,0.0081
n02090721_1688.jpg,n02090721-Irish_wolfhound,n02090721-Irish_wolfhound,0.0078
n02090721_1895.jpg,n02090721-Irish_wolfhound,n02090721-Irish_wolfhound,0.0078
n02090721_2131.jpg,n02090721-Irish_wolfhound,n02090721-Irish_wolfhound,0.0077
n02090721_2254.jpg,n02090721-Irish_wolfhound,n02090721-Irish_wolfhound,0.0078
n02090721_2361.jpg,n02090721-Irish_wolfhound,n02090721-Irish_wolfhound,0.0077
n02090721_2731.jpg,n02090721-Irish_wolfhound,n02090721-Irish_wolfhound,0.0083
n02090721_327.jpg,n02090721-Irish_wolfhound,n02090721-Irish_wolfhound,0.0086
n02090721_3811.jpg,n02090721-Irish_wolfhound,n02090721-Irish_wolfhound,0.0105
n02090721_4032.jpg,n02090721-Irish_wolfhound,n02090721-Irish_wolfhound,0.0094
n02090721_5197.jpg,n02090721-Irish_wolfhound,n02090721-Irish_wolfhound,0.0114
n02090721_521.jpg,n02090721-Irish_wolfhound,n02090721-Irish_wolfhound,0.0099
n02090721_731.jpg,n02090721-Irish_wolfhound,n02090721-Irish_wolfhound,0.0108
n02090721_892.jpg,n02090721-Irish_wolfhound,n02095570-Lakeland_terrier,0.0086
n02091032_1071.jpg,n02091032-Italian_greyhound,n02110958-pug,0.0112
n02091032_1360.jpg,n02091032-Italian_greyhound,n02091032-Italian_greyhound,0.0085
n02091032_1564.jpg,n02091032-Italian_greyhound,n02091032-Italian_greyhound,0.0107
n02091032_1894.jpg,n02091032-Italian_greyhound,n02091032-Italian_greyhound,0.0084
n02091032_1918.jpg,n02091032-Italian_greyhound,n02091032-Italian_greyhound,0.0107
n02091032_2472.jpg,n02091032-Italian_greyhound,n02087046-toy_terrier,0.0086
n02091032_4970.jpg,n02091032-Italian_greyhound,n02091032-Italian_greyhound,0.0106
n02091032_561.jpg,n02091032-Italian_greyhound,n02091032-Italian_greyhound,0.0093
n02091032_745.jpg,n02091032-Italian_greyhound,n02091032-Italian_greyhound,0.0108
n02091032_9183.jpg,n02091032-Italian_greyhound,n02091134-whippet,0.0109
n02091032_9592.jpg,n02091032-Italian_greyhound,n02093428-American_Staffordshire_terrier,0.0111
n02091134_12318.jpg,n02091134-whippet,n02091134-whippet,0.0103
n02091134_12476.jpg,n02091134-whippet,n02091134-whippet,0.0107
n02091134_12537.jpg,n02091134-whippet,n02091134-whippet,0.0113
n02091134_18140.jpg,n02091134-whippet,n02091134-whippet,0.0078
n02091134_232.jpg,n02091134-whippet,n02091134-whippet,0.0078
n02091134_3562.jpg,n02091134-whippet,n02091134-whippet,0.0078
n02091134_392.jpg,n02091134-whippet,n02091134-whippet,0.0075
n02091134_5630.jpg,n02091134-whippet,n02091134-whippet,0.0077
n02091134_7145.jpg,n02091134-whippet,n02091134-whippet,0.0077
n02091134_7567.jpg,n02091134-whippet,n02108089-boxer,0.0077
n02091134_7794.jpg,n02091134-whippet,n02091134-whippet,0.0076
n02091134_7796.jpg,n02091134-whippet,n02091134-whippet,0.0078
n02091244_1525.jpg,n02091244-Ibizan_hound,n02091244-Ibizan_hound,0.0076
n02091244_1856.jpg,n02091244-Ibizan_hound,n02091244-Ibizan_hound,0.0078
n02091244_2709.jpg,n02091244-Ibizan_hound,n02115913-dhole,0.0074
n02091244_291.jpg,n02091244-Ibizan_hound,n02091244-Ibizan_hound,0.0087
n02091244_3161.jpg,n02091244-Ibizan_hound,n02091244-Ibizan_hound,0.0076
n02091244_3346.jpg,n02091244-Ibizan_hound,n02091244-Ibizan_hound,0.008
n02091244_4644.jpg,n02091244-Ibizan_hound,n02091244-Ibizan_hound,0.0076
n02091244_5488.jpg,n02091244-Ibizan_hound,n02091244-Ibizan_hound,0.0079
n02091244_5491.jpg,n02091244-Ibizan_hound,n02091244-Ibizan_hound,0.0075
n02091244_5637.jpg,n02091244-Ibizan_hound,n02091244-Ibizan_hound,0.01
n02091244_5718.jpg,n02091244-Ibizan_hound,n02091244-Ibizan_hound,0.0079
n02091244_595.jpg,n02091244-Ibizan_hound,n02091244-Ibizan_hound,0.01
n02091467_1330.jpg,n02091467-Norwegian_elkhound,n02091467-Norwegian_elkhound,0.0078
n02091467_1631.jpg,n02091467-Norwegian_elkhound,n02091467-Norwegian_elkhound,0.0099
n02091467_2240.jpg,n02091467-Norwegian_elkhound,n02091467-Norwegian_elkhound,0.0076
n02091467_2849.jpg,n02091467-Norwegian_elkhound,n02091467-Norwegian_elkhound,0.0101
n02091467_332.jpg,n02091467-Norwegian_elkhound,n02091467-Norwegian_elkhound,0.0102
n02091467_3547.jpg,n02091467-Norwegian_elkhound,n02091467-Norwegian_elkhound,0.0114
n02091467_3705.jpg,n02091467-Norwegian_elkhound,n02091467-Norwegian_elkhound,0.0099
n02091467_4560.jpg,n02091467-Norwegian_elkhound,n02110063-malamute,0.0096
n02091467_5359.jpg,n02091467-Norwegian_elkhound,n02106662-German_shepherd,0.0102
n02091467_5640.jpg,n02091467-Norwegian_elkhound,n02091467-Norwegian_elkhound,0.0079
n02091467_5879.jpg,n02091467-Norwegian_elkhound,n02091467-Norwegian_elkhound,0.0091
n02091467_6920.jpg,n02091467-Norwegian_elkhound,n02091467-Norwegian_elkhound,0.0076
n02091635_1408.jpg,n02091635-otterhound,n02091635-otterhound,0.0103
n02091635_215.jpg,n02091635-otterhound,n02091635-otterhound,0.0086
n02091635_2948.jpg,n02091635-otterhound,n02091635-otterhound,0.0088
n02091635_3475.jpg,n02091635-otterhound,n02091635-otterhound,0.0076
n02091635_3552.jpg,n02091635-otterhound,n02091635-otterhound,0.0094
n02091635_3845.jpg,n02091635-otterhound,n02091635-otterhound,0.0075
n02091635_4368.jpg,n02091635-otterhound,n02091635-otterhound,0.0098
n02091635_4377.jpg,n02091635-otterhound,n02091635-otterhound,0.0077
n02091635_4446.jpg,n02091635-otterhound,n02091635-otterhound,0.01
n02091635_4705.jpg,n02091635-otterhound,n02091635-otterhound,0.0076
n02091831_10215.jpg,n02091831-Saluki,n02090622-borzoi,0.0106
n02091831_2338.jpg,n02091831-Saluki,n02091831-Saluki,0.0076
n02091831_3054.jpg,n02091831-Saluki,n02091831-Saluki,0.0098
n02091831_3222.jpg,n02091831-Saluki,n02091831-Saluki,0.0076
n02091831_346.jpg,n02091831-Saluki,n02091831-Saluki,0.0097
n02091831_3616.jpg,n02091831-Saluki,n02091831-Saluki,0.0076
n02091831_3760.jpg,n02091831-Saluki,n02091831-Saluki,0.0095
n02091831_4030.jpg,n02091831-Saluki,n02091831-Saluki,0.0075
n02091831_4487.jpg,n02091831-Saluki,n02091831-Saluki,0.0099
n02091831_5216.jpg,n02091831-Saluki,n02091831-Saluki,0.0082
n02091831_5692.jpg,n02091831-Saluki,n02091831-Saluki,0.0099
n02091831_7977.jpg,n02091831-Saluki,n02108000-EntleBucher,0.0079
n02092339_1509.jpg,n02092339-Weimaraner,n02092339-Weimaraner,0.01
n02092339_298.jpg,n02092339-Weimaraner,n02092339-Weimaraner,0.0076
n02092339_3371.jpg,n02092339-Weimaraner,n02109047-Great_Dane,0.01
n02092339_5981.jpg,n02092339-Weimaraner,n02092339-Weimaraner,0.0077
n02092339_6209.jpg,n02092339-Weimaraner,n02092339-Weimaraner,0.0098
n02092339_6430.jpg,n02092339-Weimaraner,n02092339-Weimaraner,0.0078
n02092339_7499.jpg,n02092339-Weimaraner,n02092339-Weimaraner,0.0083
n02092339_7792.jpg,n02092339-Weimaraner,n02092339-Weimaraner,0.0077
n02092339_792.jpg,n02092339-Weimaraner,n02092339-Weimaraner,0.0076
n02092339_821.jpg,n02092339-Weimaraner,n02092339-Weimaraner,0.0076
n02093256_11836.jpg,n02093256-Staffordshire_bullterrier,n02093256-Staffordshire_bullterrier,0.0077
n02093256_1371.jpg,n02093256-Staffordshire_bullterrier,n02093256-Staffordshire_bullterrier,0.0077
n02093256_1549.jpg,n02093256-Staffordshire_bullterrier,n02093256-Staffordshire_bullterrier,0.0078
n02093256_2748.jpg,n02093256-Staffordshire_bullterrier,n02093256-Staffordshire_bullterrier,0.0077
n02093256_2987.jpg,n02093256-Staffordshire_bullterrier,n02093428-American_Staffordshire_terrier,0.0078
n02093256_3190.jpg,n02093256-Staffordshire_bullterrier,n02110958-pug,0.0076
n02093256_3529.jpg,n02093256-Staffordshire_bullterrier,n02093256-Staffordshire_bullterrier,0.0076
n02093256_3799.jpg,n02093256-Staffordshire_bullterrier,n02093256-Staffordshire_bullterrier,0.0076
n02093256_4874.jpg,n02093256-Staffordshire_bullterrier,n02093256-Staffordshire_bullterrier,0.0075
n02093256_718.jpg,n02093256-Staffordshire_bullterrier,n02093256-Staffordshire_bullterrier,0.0076
n02093428_10896.jpg,n02093428-American_Staffordshire_terrier,n02108915-French_bulldog,0.0086
n02093428_11916.jpg,n02093428-American_Staffordshire_terrier,n02093428-American_Staffordshire_terrier,0.0095
n02093428_14252.jpg,n02093428-American_Staffordshire_terrier,n02092339-Weimaraner,0.0076
n02093428_14706.jpg,n02093428-American_Staffordshire_terrier,n02093256-Staffordshire_bullterrier,0.0105
n02093428_15280.jpg,n02093428-American_Staffordshire_terrier,n02093428-American_Staffordshire_terrier,0.0082
n02093428_15784.jpg,n02093428-American_Staffordshire_terrier,n02093428-American_Staffordshire_terrier,0.0075
n02093428_2461.jpg,n02093428-American_Staffordshire_terrier,n02093256-Staffordshire_bullterrier,0.0076
n02093428_3159.jpg,n02093428-American_Staffordshire_terrier,n02093428-American_Staffordshire_terrier,0.0076
n02093428_4243.jpg,n02093428-American_Staffordshire_terrier,n02093428-American_Staffordshire_terrier,0.009
n02093428_5165.jpg,n02093428-American_Staffordshire_terrier,n02093428-American_Staffordshire_terrier,0.0081
n02093647_1037.jpg,n02093647-Bedlington_terrier,n02093647-Bedlington_terrier,0.0075
n02093647_2192.jpg,n02093647-Bedlington_terrier,n02093647-Bedlington_terrier,0.0108
n02093647_2321.jpg,n02093647-Bedlington_terrier,n02095314-wire-haired_fox_terrier,0.0074
n02093647_2388.jpg,n02093647-Bedlington_terrier,n02093647-Bedlington_terrier,0.0076
n02093647_24.jpg,n02093647-Bedlington_terrier,n02093647-Bedlington_terrier,0.0083
n02093647_2687.jpg,n02093647-Bedlington_terrier,n02093647-Bedlington_terrier,0.0074
n02093647_289.jpg,n02093647-Bedlington_terrier,n02093647-Bedlington_terrier,0.0079
n02093647_3169.jpg,n02093647-Bedlington_terrier,n02093647-Bedlington_terrier,0.0109
n02093647_3209.jpg,n02093647-Bedlington_terrier,n02093647-Bedlington_terrier,0.0075
n02093647_356.jpg,n02093647-Bedlington_terrier,n02093647-Bedlington_terrier,0.0075
n02093647_930.jpg,n02093647-Bedlington_terrier,n02093647-Bedlington_terrier,0.0074
n02093754_1256.jpg,n02093754-Border_terrier,n02093754-Border_terrier,0.0074
n02093754_1329.jpg,n02093754-Border_terrier,n02093754-Border_terrier,0.0076
n02093754_2847.jpg,n02093754-Border_terrier,n02110627-affenpinscher,0.0082
n02093754_4072.jpg,n02093754-Border_terrier,n02093754-Border_terrier,0.0076
n02093754_4332.jpg,n02093754-Border_terrier,n02093754-Border_terrier,0.0075
n02093754_5190.jpg,n02093754-Border_terrier,n02093754-Border_terrier,0.0074
n02093754_5594.jpg,n02093754-Border_terrier,n02093754-Border_terrier,0.0076
n02093754_6061.jpg,n02093754-Border_terrier,n02093754-Border_terrier,0.0091
n02093754_6817.jpg,n02093754-Border_terrier,n02093754-Border_terrier,0.0074
n02093754_7440.jpg,n02093754-Border_terrier,n02093754-Border_terrier,0.0075
n02093754_874.jpg,n02093754-Border_terrier,n02093754-Border_terrier,0.0079
n02093991_2442.jpg,n02093991-Irish_terrier,n02096051-Airedale,0.0078
n02093991_2698.jpg,n02093991-Irish_terrier,n02093991-Irish_terrier,0.0078
n02093991_3002.jpg,n02093991-Irish_terrier,n02093991-Irish_terrier,0.0091
n02093991_3300.jpg,n02093991-Irish_terrier,n02093991-Irish_terrier,0.0078
n02093991_3516.jpg,n02093991-Irish_terrier,n02093991-Irish_terrier,0.0076
n02093991_3536.jpg,n02093991-Irish_terrier,n02093991-Irish_terrier,0.008
n02093991_3673.jpg,n02093991-Irish_terrier,n02093991-Irish_terrier,0.0078
n02093991_3918.jpg,n02093991-Irish_terrier,n02093991-Irish_terrier,0.0077
n02093991_4627.jpg,n02093991-Irish_terrier,n02093991-Irish_terrier,0.0096
n02093991_86.jpg,n02093991-Irish_terrier,n02093991-Irish_terrier,0.008
n02093991_942.jpg,n02093991-Irish_terrier,n02093991-Irish_terrier,0.0077
n02094114_1467.jpg,n02094114-Norfolk_terrier,n02091635-otterhound,0.0086
n02094114_1676.jpg,n02094114-Norfolk_terrier,n02094114-Norfolk_terrier,0.0077
n02094114_2084.jpg,n02094114-Norfolk_terrier,n02094114-Norfolk_terrier,0.0085
n02094114_2449.jpg,n02094114-Norfolk_terrier,n02094114-Norfolk_terrier,0.0076
n02094114_252.jpg,n02094114-Norfolk_terrier,n02094114-Norfolk_terrier,0.0077
n02094114_281.jpg,n02094114-Norfolk_terrier,n02094114-Norfolk_terrier,0.0077
n02094114_2823.jpg,n02094114-Norfolk_terrier,n02094114-Norfolk_terrier,0.0079
n02094114_3920.jpg,n02094114-Norfolk_terrier,n02094114-Norfolk_terrier,0.0076
n02094114_3970.jpg,n02094114-Norfolk_terrier,n02094114-Norfolk_terrier,0.0085
n02094114_815.jpg,n02094114-Norfolk_terrier,n02094114-Norfolk_terrier,0.0077
n02094114_838.jpg,n02094114-Norfolk_terrier,n02094114-Norfolk_terrier,0.0077
n02094433_10126.jpg,n02094433-Yorkshire_terrier,n02094433-Yorkshire_terrier,0.0077
n02094433_1824.jpg,n02094433-Yorkshire_terrier,n02094433-Yorkshire_terrier,0.0079
n02094433_2678.jpg,n02094433-Yorkshire_terrier,n02094433-Yorkshire_terrier,0.0079
n02094433_2903.jpg,n02094433-Yorkshire_terrier,n02094433-Yorkshire_terrier,0.0078
n02094433_3192.jpg,n02094433-Yorkshire_terrier,n02110185-Siberian_husky,0.0075
n02094433_3202.jpg,n02094433-Yorkshire_terrier,n02097658-silky_terrier,0.0082
n02094433_3766.jpg,n02094433-Yorkshire_terrier,n02094433-Yorkshire_terrier,0.008
n02094433_3905.jpg,n02094433-Yorkshire_terrier,n02097658-silky_terrier,0.0097
n02094433_4399.jpg,n02094433-Yorkshire_terrier,n02094433-Yorkshire_terrier,0.0084
n02094433_8580.jpg,n02094433-Yorkshire_terrier,n02094433-Yorkshire_terrier,0.0082
n02095314_105.jpg,n02095314-wire-haired_fox_terrier,n02095314-wire-haired_fox_terrier,0.0081
n02095314_1080.jpg,n02095314-wire-haired_fox_terrier,n02095314-wire-haired_fox_terrier,0.0083
n02095314_1789.jpg,n02095314-wire-haired_fox_terrier,n02095314-wire-haired_fox_terrier,0.0081
n02095314_1976.jpg,n02095314-wire-haired_fox_terrier,n02095314-wire-haired_fox_terrier,0.0081
n02095314_2827.jpg,n02095314-wire-haired_fox_terrier,n02095314-wire-haired_fox_terrier,0.0086
n02095314_3091.jpg,n02095314-wire-haired_fox_terrier,n02095889-Sealyham_terrier,0.0093
n02095314_318.jpg,n02095314-wire-haired_fox_terrier,n02095314-wire-haired_fox_terrier,0.0079
n02095314_3246.jpg,n02095314-wire-haired_fox_terrier,n02095314-wire-haired_fox_terrier,0.0103
n02095314_3509.jpg,n02095314-wire-haired_fox_terrier,n02095314-wire-haired_fox_terrier,0.0075
n02095314_996.jpg,n02095314-wire-haired_fox_terrier,n02095314-wire-haired_fox_terrier,0.0099
n02095570_1068.jpg,n02095570-Lakeland_terrier,n02095570-Lakeland_terrier,0.0075
n02095570_126.jpg,n02095570-Lakeland_terrier,n02095570-Lakeland_terrier,0.0098
n02095570_1489.jpg,n02095570-Lakeland_terrier,n02095570-Lakeland_terrier,0.0074
n02095570_2882.jpg,n02095570-Lakeland_terrier,n02098105-soft-coated_wheaten_terrier,0.0096
n02095570_3323.jpg,n02095570-Lakeland_terrier,n02095570-Lakeland_terrier,0.0074
n02095570_3493.jpg,n02095570-Lakeland_terrier,n02095570-Lakeland_terrier,0.0103
n02095570_3981.jpg,n02095570-Lakeland_terrier,n02095570-Lakeland_terrier,0.0077
n02095570_4183.jpg,n02095570-Lakeland_terrier,n02096051-Airedale,0.0099
n02095570_4259.jpg,n02095570-Lakeland_terrier,n02095570-Lakeland_terrier,0.0074
n02095570_5276.jpg,n02095570-Lakeland_terrier,n02095570-Lakeland_terrier,0.0088
n02095570_539.jpg,n02095570-Lakeland_terrier,n02095570-Lakeland_terrier,0.0074
n02095570_6176.jpg,n02095570-Lakeland_terrier,n02095570-Lakeland_terrier,0.0111
n02095889_1019.jpg,n02095889-Sealyham_terrier,n02095889-Sealyham_terrier,0.0086
n02095889_107.jpg,n02095889-Sealyham_terrier,n02095889-Sealyham_terrier,0.0092
n02095889_1916.jpg,n02095889-Sealyham_terrier,n02095889-Sealyham_terrier,0.0076
n02095889_2319.jpg,n02095889-Sealyham_terrier,n02095889-Sealyham_terrier,0.0086
n02095889_2861.jpg,n02095889-Sealyham_terrier,n02095889-Sealyham_terrier,0.0075
n02095889_3788.jpg,n02095889-Sealyham_terrier,n02095889-Sealyham_terrier,0.0089
n02095889_3990.jpg,n02095889-Sealyham_terrier,n02095889-Sealyham_terrier,0.0076
n02095889_4416.jpg,n02095889-Sealyham_terrier,n02095889-Sealyham_terrier,0.01
n02095889_4432.jpg,n02095889-Sealyham_terrier,n02095889-Sealyham_terrier,0.0077
n02095889_47.jpg,n02095889-Sealyham_terrier,n02095889-Sealyham_terrier,0.0099
n02095889_4762.jpg,n02095889-Sealyham_terrier,n02095889-Sealyham_terrier,0.0081
n02095889_5554.jpg,n02095889-Sealyham_terrier,n02095889-Sealyham_terrier,0.0099
n02095889_6436.jpg,n02095889-Sealyham_terrier,n02097209-standard_schnauzer,0.0074
n02096051_2432.jpg,n02096051-Airedale,n02096051-Airedale,0.01
n02096051_3253.jpg,n02096051-Airedale,n02096051-Airedale,0.0076
n02096051_4153.jpg,n02096051-Airedale,n02096051-Airedale,0.01
n02096051_5234.jpg,n02096051-Airedale,n02096051-Airedale,0.0111
n02096051_5267.jpg,n02096051-Airedale,n02096051-Airedale,0.009
n02096051_5884.jpg,n02096051-Airedale,n02096051-Airedale,0.0075
n02096051_6410.jpg,n02096051-Airedale,n02093991-Irish_terrier,0.01
n02096051_6570.jpg,n02096051-Airedale,n02096051-Airedale,0.0079
n02096051_6799.jpg,n02096051-Airedale,n02096051-Airedale,0.0098
n02096051_7132.jpg,n02096051-Airedale,n02096051-Airedale,0.0075
n02096051_7394.jpg,n02096051-Airedale,n02096051-Airedale,0.0089
n02096051_8392.jpg,n02096051-Airedale,n02096051-Airedale,0.0078
n02096051_9427.jpg,n02096051-Airedale,n02096051-Airedale,0.0075
n02096177_133.jpg,n02096177-cairn,n02096177-cairn,0.0077
n02096177_1420.jpg,n02096177-cairn,n02096177-cairn,0.0075
n02096177_1659.jpg,n02096177-cairn,n02096177-cairn,0.0077
n02096177_1748.jpg,n02096177-cairn,n02096177-cairn,0.0074
n02096177_2143.jpg,n02096177-cairn,n02096177-cairn,0.0081
n02096177_218.jpg,n02096177-cairn,n02097474-Tibetan_terrier,0.0075
n02096177_2842.jpg,n02096177-cairn,n02096177-cairn,0.008
n02096177_4825.jpg,n02096177-cairn,n02096177-cairn,0.0086
n02096177_606.jpg,n02096177-cairn,n02096177-cairn,0.0076
n02096177_7617.jpg,n02096177-cairn,n02090721-Irish_wolfhound,0.0076
n02096177_7717.jpg,n02096177-cairn,n02096177-cairn,0.0076
n02096177_99.jpg,n02096177-cairn,n02096177-cairn,0.0085
n02096437_1129.jpg,n02096437-Dandie_Dinmont,n02096437-Dandie_Dinmont,0.0074
n02096437_148.jpg,n02096437-Dandie_Dinmont,n02096437-Dandie_Dinmont,0.0078
n02096437_1521.jpg,n02096437-Dandie_Dinmont,n02096437-Dandie_Dinmont,0.0076
n02096437_179.jpg,n02096437-Dandie_Dinmont,n02096437-Dandie_Dinmont,0.0074
n02096437_2771.jpg,n02096437-Dandie_Dinmont,n02096437-Dandie_Dinmont,0.0077
n02096437_290.jpg,n02096437-Dandie_Dinmont,n02096437-Dandie_Dinmont,0.0075
n02096437_311.jpg,n02096437-Dandie_Dinmont,n02085936-Maltese_dog,0.0078
n02096437_3431.jpg,n02096437-Dandie_Dinmont,n02098105-soft-coated_wheaten_terrier,0.0075
n02096437_4.jpg,n02096437-Dandie_Dinmont,n02096437-Dandie_Dinmont,0.0076
n02096437_4480.jpg,n02096437-Dandie_Dinmont,n02096437-Dandie_Dinmont,0.0075
n02096437_4494.jpg,n02096437-Dandie_Dinmont,n02096437-Dandie_Dinmont,0.0076
n02096585_11614.jpg,n02096585-Boston_bull,n02096585-Boston_bull,0.0102
n02096585_1568.jpg,n02096585-Boston_bull,n02096585-Boston_bull,0.0084
n02096585_1737.jpg,n02096585-Boston_bull,n02096585-Boston_bull,0.0102
n02096585_1753.jpg,n02096585-Boston_bull,n02096585-Boston_bull,0.0075
n02096585_2354.jpg,n02096585-Boston_bull,n02096585-Boston_bull,0.0103
n02096585_318.jpg,n02096585-Boston_bull,n02096585-Boston_bull,0.0076
n02096585_4103.jpg,n02096585-Boston_bull,n02108915-French_bulldog,0.0101
n02096585_6028.jpg,n02096585-Boston_bull,n02096585-Boston_bull,0.0078
n02096585_8323.jpg,n02096585-Boston_bull,n02096585-Boston_bull,0.0077
n02096585_9511.jpg,n02096585-Boston_bull,n02096585-Boston_bull,0.0083
n02096585_9834.jpg,n02096585-Boston_bull,n02096585-Boston_bull,0.0083
n02097130_1070.jpg,n02097130-giant_schnauzer,n02097130-giant_schnauzer,0.0077
n02097130_1254.jpg,n02097130-giant_schnauzer,n02106382-Bouvier_des_Flandres,0.0076
n02097130_1358.jpg,n02097130-giant_schnauzer,n02097130-giant_schnauzer,0.0079
n02097130_1699.jpg,n02097130-giant_schnauzer,n02097130-giant_schnauzer,0.0076
n02097130_1862.jpg,n02097130-giant_schnauzer,n02097130-giant_schnauzer,0.0078
n02097130_2574.jpg,n02097130-giant_schnauzer,n02097130-giant_schnauzer,0.0082
n02097130_3359.jpg,n02097130-giant_schnauzer,n02097130-giant_schnauzer,0.0081
n02097130_4265.jpg,n02097130-giant_schnauzer,n02097130-giant_schnauzer,0.0082
n02097130_5070.jpg,n02097130-giant_schnauzer,n02106382-Bouvier_des_Flandres,0.0075
n02097130_888.jpg,n02097130-giant_schnauzer,n02097298-Scotch_terrier,0.0075
n02097209_1063.jpg,n02097209-standard_schnauzer,n02097209-standard_schnauzer,0.0076
n02097209_1170.jpg,n02097209-standard_schnauzer,n02097209-standard_schnauzer,0.0077
n02097209_1772.jpg,n02097209-standard_schnauzer,n02097209-standard_schnauzer,0.0088
n02097209_1947.jpg,n02097209-standard_schnauzer,n02097130-giant_schnauzer,0.0077
n02097209_213.jpg,n02097209-standard_schnauzer,n02097209-standard_schnauzer,0.0078
n02097209_2205.jpg,n02097209-standard_schnauzer,n02097209-standard_schnauzer,0.0076
n02097209_226.jpg,n02097209-standard_schnauzer,n02097209-standard_schnauzer,0.0078
n02097209_2813.jpg,n02097209-standard_schnauzer,n02097209-standard_schnauzer,0.0076
n02097209_4508.jpg,n02097209-standard_schnauzer,n02097209-standard_schnauzer,0.008
n02097209_548.jpg,n02097209-standard_schnauzer,n02097209-standard_schnauzer,0.0077
n02097298_10965.jpg,n02097298-Scotch_terrier,n02097298-Scotch_terrier,0.0077
n02097298_11346.jpg,n02097298-Scotch_terrier,n02097298-Scotch_terrier,0.0075
n02097298_13452.jpg,n02097298-Scotch_terrier,n02097298-Scotch_terrier,0.0078
n02097298_1451.jpg,n02097298-Scotch_terrier,n02097298-Scotch_terrier,0.0077
n02097298_1941.jpg,n02097298-Scotch_terrier,n02097298-Scotch_terrier,0.0082
n02097298_2722.jpg,n02097298-Scotch_terrier,n02096177-cairn,0.0078
n02097298_3238.jpg,n02097298-Scotch_terrier,n02097298-Scotch_terrier,0.0077
n02097298_4485.jpg,n02097298-Scotch_terrier,n02097298-Scotch_terrier,0.0076
n02097298_4882.jpg,n02097298-Scotch_terrier,n02097298-Scotch_terrier,0.0083
n02097298_8322.jpg,n02097298-Scotch_terrier,n02097298-Scotch_terrier,0.0077
n02097474_120.jpg,n02097474-Tibetan_terrier,n02097474-Tibetan_terrier,0.0105
n02097474_1533.jpg,n02097474-Tibetan_terrier,n02097474-Tibetan_terrier,0.0075
n02097474_1763.jpg,n02097474-Tibetan_terrier,n02097474-Tibetan_terrier,0.0102
n02097474_1962.jpg,n02097474-Tibetan_terrier,n02097474-Tibetan_terrier,0.0075
n02097474_2763.jpg,n02097474-Tibetan_terrier,n02097474-Tibetan_terrier,0.0101
n02097474_3976.jpg,n02097474-Tibetan_terrier,n02097474-Tibetan_terrier,0.0076
n02097474_4085.jpg,n02097474-Tibetan_terrier,n02097474-Tibetan_terrier,0.0103
n02097474_4589.jpg,n02097474-Tibetan_terrier,n02097474-Tibetan_terrier,0.0075
n02097474_7766.jpg,n02097474-Tibetan_terrier,n02097474-Tibetan_terrier,0.0101
n02097474_8052.jpg,n02097474-Tibetan_terrier,n02097474-Tibetan_terrier,0.0075
n02097474_85.jpg,n02097474-Tibetan_terrier,n02097474-Tibetan_terrier,0.0103
n02097474_8569.jpg,n02097474-Tibetan_terrier,n02110627-affenpinscher,0.0076
n02097474_8811.jpg,n02097474-Tibetan_terrier,n02097474-Tibetan_terrier,0.0103
n02097658_10854.jpg,n02097658-silky_terrier,n02097658-silky_terrier,0.0101
n02097658_11242.jpg,n02097658-silky_terrier,n02097658-silky_terrier,0.0102
n02097658_1469.jpg,n02097658-silky_terrier,n02097658-silky_terrier,0.0076
n02097658_1516.jpg,n02097658-silky_terrier,n02097658-silky_terrier,0.0099
n02097658_414.jpg,n02097658-silky_terrier,n02097658-silky_terrier,0.0078
n02097658_4201.jpg,n02097658-silky_terrier,n02097658-silky_terrier,0.0101
n02097658_427.jpg,n02097658-silky_terrier,n02097658-silky_terrier,0.0077
n02097658_5643.jpg,n02097658-silky_terrier,n02097658-silky_terrier,0.0101
n02097658_6044.jpg,n02097658-silky_terrier,n02097658-silky_terrier,0.0075
n02097658_611.jpg,n02097658-silky_terrier,n02097658-silky_terrier,0.0098
n02097658_8690.jpg,n02097658-silky_terrier,n02097658-silky_terrier,0.0077
n02098105_1789.jpg,n02098105-soft-coated_wheaten_terrier,n02096437-Dandie_Dinmont,0.0074
n02098105_2001.jpg,n02098105-soft-coated_wheaten_terrier,n02098105-soft-coated_wheaten_terrier,0.0075
n02098105_2873.jpg,n02098105-soft-coated_wheaten_terrier,n02098105-soft-coated_wheaten_terrier,0.0074
n02098105_3142.jpg,n02098105-soft-coated_wheaten_terrier,n02098105-soft-coated_wheaten_terrier,0.0076
n02098105_3359.jpg,n02098105-soft-coated_wheaten_terrier,n02098105-soft-coated_wheaten_terrier,0.0075
n02098105_4005.jpg,n02098105-soft-coated_wheaten_terrier,n02098105-soft-coated_wheaten_terrier,0.0076
n02098105_707.jpg,n02098105-soft-coated_wheaten_terrier,n02098105-soft-coated_wheaten_terrier,0.0079
n02098105_817.jpg,n02098105-soft-coated_wheaten_terrier,n02098105-soft-coated_wheaten_terrier,0.0076
n02098105_911.jpg,n02098105-soft-coated_wheaten_terrier,n02098105-soft-coated_wheaten_terrier,0.0076
n02098105_97.jpg,n02098105-soft-coated_wheaten_terrier,n02098105-soft-coated_wheaten_terrier,0.0075
n02098413_11467.jpg,n02098413-Lhasa,n02086240-Shih-Tzu,0.0082
n02098413_13083.jpg,n02098413-Lhasa,n02085936-Maltese_dog,0.0075
n02098413_1454.jpg,n02098413-Lhasa,n02098413-Lhasa,0.0078
n02098413_14748.jpg,n02098413-Lhasa,n02086240-Shih-Tzu,0.0076
n02098413_15855.jpg,n02098413-Lhasa,n02098413-Lhasa,0.0079
n02098413_16322.jpg,n02098413-Lhasa,n02098413-Lhasa,0.0079
n02098413_17759.jpg,n02098413-Lhasa,n02094433-Yorkshire_terrier,0.0077
n02098413_21040.jpg,n02098413-Lhasa,n02098413-Lhasa,0.0075
n02098413_244.jpg,n02098413-Lhasa,n02110806-basenji,0.0078
n02098413_2582.jpg,n02098413-Lhasa,n02102318-cocker_spaniel,0.0077
n02098413_49.jpg,n02098413-Lhasa,n02098413-Lhasa,0.0077
n02098413_6354.jpg,n02098413-Lhasa,n02098413-Lhasa,0.0076
n02099267_1573.jpg,n02099267-flat-coated_retriever,n02099267-flat-coated_retriever,0.0088
n02099267_1860.jpg,n02099267-flat-coated_retriever,n02099267-flat-coated_retriever,0.0085
n02099267_2284.jpg,n02099267-flat-coated_retriever,n02099267-flat-coated_retriever,0.0086
n02099267_3077.jpg,n02099267-flat-coated_retriever,n02099267-flat-coated_retriever,0.0076
n02099267_3900.jpg,n02099267-flat-coated_retriever,n02099267-flat-coated_retriever,0.0076
n02099267_4311.jpg,n02099267-flat-coated_retriever,n02099267-flat-coated_retriever,0.0081
n02099267_4331.jpg,n02099267-flat-coated_retriever,n02099267-flat-coated_retriever,0.0077
n02099267_5540.jpg,n02099267-flat-coated_retriever,n02099267-flat-coated_retriever,0.0079
n02099267_731.jpg,n02099267-flat-coated_retriever,n02099267-flat-coated_retriever,0.0077
n02099267_979.jpg,n02099267-flat-coated_retriever,n02099267-flat-coated_retriever,0.0081
n02099712_2120.jpg,n02099712-Labrador_retriever,n02099712-Labrador_retriever,0.0082
n02099712_3340.jpg,n02099712-Labrador_retriever,n02099712-Labrador_retriever,0.0078
n02099712_3502.jpg,n02099712-Labrador_retriever,n02099712-Labrador_retriever,0.0076
n02099712_3769.jpg,n02099712-Labrador_retriever,n02099712-Labrador_retriever,0.0077
n02099712_3988.jpg,n02099712-Labrador_retriever,n02099712-Labrador_retriever,0.0076
n02099712_4177.jpg,n02099712-Labrador_retriever,n02099712-Labrador_retriever,0.0076
n02099712_5263.jpg,n02099712-Labrador_retriever,n02099712-Labrador_retriever,0.0081
n02099712_5599.jpg,n02099712-Labrador_retriever,n02093256-Staffordshire_bullterrier,0.0076
n02099712_6446.jpg,n02099712-Labrador_retriever,n02099712-Labrador_retriever,0.0078
n02099712_6644.jpg,n02099712-Labrador_retriever,n02087046-toy_terrier,0.0077
n02099712_8242.jpg,n02099712-Labrador_retriever,n02106662-German_shepherd,0.0077
n02099849_1234.jpg,n02099849-Chesapeake_Bay_retriever,n02099849-Chesapeake_Bay_retriever,0.0081
n02099849_171.jpg,n02099849-Chesapeake_Bay_retriever,n02099849-Chesapeake_Bay_retriever,0.0094
n02099849_2315.jpg,n02099849-Chesapeake_Bay_retriever,n02099849-Chesapeake_Bay_retriever,0.0079
n02099849_3188.jpg,n02099849-Chesapeake_Bay_retriever,n02099849-Chesapeake_Bay_retriever,0.0077
n02099849_3315.jpg,n02099849-Chesapeake_Bay_retriever,n02099849-Chesapeake_Bay_retriever,0.0076
n02099849_3316.jpg,n02099849-Chesapeake_Bay_retriever,n02099849-Chesapeake_Bay_retriever,0.0076
n02099849_3897.jpg,n02099849-Chesapeake_Bay_retriever,n02099849-Chesapeake_Bay_retriever,0.0076
n02099849_4692.jpg,n02099849-Chesapeake_Bay_retriever,n02099849-Chesapeake_Bay_retriever,0.0078
n02099849_493.jpg,n02099849-Chesapeake_Bay_retriever,n02099712-Labrador_retriever,0.0076
n02099849_544.jpg,n02099849-Chesapeake_Bay_retriever,n02099849-Chesapeake_Bay_retriever,0.0078
n02099849_953.jpg,n02099849-Chesapeake_Bay_retriever,n02099849-Chesapeake_Bay_retriever,0.0079
n02100236_1054.jpg,n02100236-German_short-haired_pointer,n02100236-German_short-haired_pointer,0.0075
n02100236_1553.jpg,n02100236-German_short-haired_pointer,n02088632-bluetick,0.0078
n02100236_156.jpg,n02100236-German_short-haired_pointer,n02100236-German_short-haired_pointer,0.0078
n02100236_2132.jpg,n02100236-German_short-haired_pointer,n02100236-German_short-haired_pointer,0.0076
n02100236_4288.jpg,n02100236-German_short-haired_pointer,n02088632-bluetick,0.0083
n02100236_4379.jpg,n02100236-German_short-haired_pointer,n02099712-Labrador_retriever,0.0076
n02100236_4755.jpg,n02100236-German_short-haired_pointer,n02100236-German_short-haired_pointer,0.0077
n02100236_5505.jpg,n02100236-German_short-haired_pointer,n02100236-German_short-haired_pointer,0.0082
n02100236_619.jpg,n02100236-German_short-haired_pointer,n02088632-bluetick,0.0079
n02100236_980.jpg,n02100236-German_short-haired_pointer,n02100236-German_short-haired_pointer,0.0079
n02100583_10698.jpg,n02100583-vizsla,n02100583-vizsla,0.0076
n02100583_11665.jpg,n02100583-vizsla,n02100583-vizsla,0.0078
n02100583_12090.jpg,n02100583-vizsla,n02100583-vizsla,0.0078
n02100583_12097.jpg,n02100583-vizsla,n02100583-vizsla,0.0079
n02100583_13008.jpg,n02100583-vizsla,n02100583-vizsla,0.0075
n02100583_14166.jpg,n02100583-vizsla,n02100583-vizsla,0.0077
n02100583_1560.jpg,n02100583-vizsla,n02100583-vizsla,0.0076
n02100583_5829.jpg,n02100583-vizsla,n02100583-vizsla,0.0078
n02100583_66.jpg,n02100583-vizsla,n02100583-vizsla,0.0076
n02100583_9794.jpg,n02100583-vizsla,n02100583-vizsla,0.0078
n02100735_10133.jpg,n02100735-English_setter,n02101388-Brittany_spaniel,0.0076
n02100735_2464.jpg,n02100735-English_setter,n02100735-English_setter,0.0077
n02100735_3546.jpg,n02100735-English_setter,n02100735-English_setter,0.0079
n02100735_4079.jpg,n02100735-English_setter,n02100735-English_setter,0.0076
n02100735_4195.jpg,n02100735-English_setter,n02100735-English_setter,0.0079
n02100735_4544.jpg,n02100735-English_setter,n02100735-English_setter,0.0076
n02100735_5258.jpg,n02100735-English_setter,n02100735-English_setter,0.0075
n02100735_5852.jpg,n02100735-English_setter,n02100735-English_setter,0.0075
n02100735_7553.jpg,n02100735-English_setter,n02100735-English_setter,0.0076
n02100735_7731.jpg,n02100735-English_setter,n02100735-English_setter,0.0075
n02100877_1453.jpg,n02100877-Irish_setter,n02100877-Irish_setter,0.0077
n02100877_1749.jpg,n02100877-Irish_setter,n02100877-Irish_setter,0.0077
n02100877_295.jpg,n02100877-Irish_setter,n02100877-Irish_setter,0.0076
n02100877_309.jpg,n02100877-Irish_setter,n02100877-Irish_setter,0.0076
n02100877_3195.jpg,n02100877-Irish_setter,n02100877-Irish_setter,0.0076
n02100877_5231.jpg,n02100877-Irish_setter,n02100877-Irish_setter,0.0078
n02100877_5883.jpg,n02100877-Irish_setter,n02100877-Irish_setter,0.0078
n02100877_6852.jpg,n02100877-Irish_setter,n02100877-Irish_setter,0.008
n02100877_8507.jpg,n02100877-Irish_setter,n02100877-Irish_setter,0.0078
n02100877_863.jpg,n02100877-Irish_setter,n02100877-Irish_setter,0.0076
n02101006_1153.jpg,n02101006-Gordon_setter,n02101006-Gordon_setter,0.0077
n02101006_1580.jpg,n02101006-Gordon_setter,n02101006-Gordon_setter,0.0078
n02101006_2414.jpg,n02101006-Gordon_setter,n02101006-Gordon_setter,0.0078
n02101006_296.jpg,n02101006-Gordon_setter,n02101006-Gordon_setter,0.0077
n02101006_3288.jpg,n02101006-Gordon_setter,n02101006-Gordon_setter,0.0076
n02101006_335.jpg,n02101006-Gordon_setter,n02101006-Gordon_setter,0.0076
n02101006_4757.jpg,n02101006-Gordon_setter,n02101006-Gordon_setter,0.0077
n02101006_489.jpg,n02101006-Gordon_setter,n02101006-Gordon_setter,0.0078
n02101006_585.jpg,n02101006-Gordon_setter,n02101006-Gordon_setter,0.0077
n02101006_795.jpg,n02101006-Gordon_setter,n02101006-Gordon_setter,0.0076
n02101388_2177.jpg,n02101388-Brittany_spaniel,n02102177-Welsh_springer_spaniel,0.0098
n02101388_2565.jpg,n02101388-Brittany_spaniel,n02101388-Brittany_spaniel,0.0077
n02101388_3697.jpg,n02101388-Brittany_spaniel,n02099849-Chesapeake_Bay_retriever,0.0097
n02101388_4342.jpg,n02101388-Brittany_spaniel,n02102177-Welsh_springer_spaniel,0.0078
n02101388_5807.jpg,n02101388-Brittany_spaniel,n02100735-English_setter,0.0091
n02101388_6081.jpg,n02101388-Brittany_spaniel,n02101388-Brittany_spaniel,0.0078
n02101388_6200.jpg,n02101388-Brittany_spaniel,n02100735-English_setter,0.0098
n02101388_733.jpg,n02101388-Brittany_spaniel,n02101388-Brittany_spaniel,0.0077
n02101388_758.jpg,n02101388-Brittany_spaniel,n02101388-Brittany_spaniel,0.0086
n02101388_9593.jpg,n02101388-Brittany_spaniel,n02101388-Brittany_spaniel,0.0076
n02101556_1991.jpg,n02101556-clumber,n02101556-clumber,0.0087
n02101556_374.jpg,n02101556-clumber,n02101556-clumber,0.0075
n02101556_3878.jpg,n02101556-clumber,n02101556-clumber,0.0087
n02101556_3896.jpg,n02101556-clumber,n02104029-kuvasz,0.0079
n02101556_488.jpg,n02101556-clumber,n02101556-clumber,0.0081
n02101556_5318.jpg,n02101556-clumber,n02101556-clumber,0.0077
n02101556_7295.jpg,n02101556-clumber,n02101556-clumber,0.0077
n02101556_7677.jpg,n02101556-clumber,n02101556-clumber,0.0074
n02101556_9.jpg,n02101556-clumber,n02101556-clumber,0.0075
n02102177_1022.jpg,n02102177-Welsh_springer_spaniel,n02102177-Welsh_springer_spaniel,0.0075
n02102177_1028.jpg,n02102177-Welsh_springer_spaniel,n02102177-Welsh_springer_spaniel,0.0081
n02102177_1472.jpg,n02102177-Welsh_springer_spaniel,n02102177-Welsh_springer_spaniel,0.0078
n02102177_1476.jpg,n02102177-Welsh_springer_spaniel,n02102177-Welsh_springer_spaniel,0.0076
n02102177_236.jpg,n02102177-Welsh_springer_spaniel,n02102177-Welsh_springer_spaniel,0.0079
n02102177_3524.jpg,n02102177-Welsh_springer_spaniel,n02102177-Welsh_springer_spaniel,0.0075
n02102177_392.jpg,n02102177-Welsh_springer_spaniel,n02102177-Welsh_springer_spaniel,0.0076
n02102177_4225.jpg,n02102177-Welsh_springer_spaniel,n02102177-Welsh_springer_spaniel,0.0075
n02102177_555.jpg,n02102177-Welsh_springer_spaniel,n02102177-Welsh_springer_spaniel,0.0074
n02102318_10087.jpg,n02102318-cocker_spaniel,n02102318-cocker_spaniel,0.0078
n02102318_10180.jpg,n02102318-cocker_spaniel,n02102318-cocker_spaniel,0.0074
n02102318_10697.jpg,n02102318-cocker_spaniel,n02102318-cocker_spaniel,0.0077
n02102318_12008.jpg,n02102318-cocker_spaniel,n02102318-cocker_spaniel,0.0074
n02102318_1754.jpg,n02102318-cocker_spaniel,n02102318-cocker_spaniel,0.0077
n02102318_2030.jpg,n02102318-cocker_spaniel,n02102318-cocker_spaniel,0.0076
n02102318_2997.jpg,n02102318-cocker_spaniel,n02102318-cocker_spaniel,0.0077
n02102318_4782.jpg,n02102318-cocker_spaniel,n02102318-cocker_spaniel,0.0074
n02102318_6213.jpg,n02102318-cocker_spaniel,n02102318-cocker_spaniel,0.0075
n02102318_9670.jpg,n02102318-cocker_spaniel,n02102318-cocker_spaniel,0.0076
n02102480_101.jpg,n02102480-Sussex_spaniel,n02102480-Sussex_spaniel,0.0075
n02102480_2224.jpg,n02102480-Sussex_spaniel,n02102973-Irish_water_spaniel,0.0075
n02102480_308.jpg,n02102480-Sussex_spaniel,n02102480-Sussex_spaniel,0.0076
n02102480_4392.jpg,n02102480-Sussex_spaniel,n02102480-Sussex_spaniel,0.0075
n02102480_6569.jpg,n02102480-Sussex_spaniel,n02102480-Sussex_spaniel,0.0078
n02102480_6842.jpg,n02102480-Sussex_spaniel,n02102480-Sussex_spaniel,0.0078
n02102480_7189.jpg,n02102480-Sussex_spaniel,n02102480-Sussex_spaniel,0.0084
n02102480_7850.jpg,n02102480-Sussex_spaniel,n02102480-Sussex_spaniel,0.0082
n02102480_7854.jpg,n02102480-Sussex_spaniel,n02102480-Sussex_spaniel,0.0076
n02102480_7981.jpg,n02102480-Sussex_spaniel,n02102480-Sussex_spaniel,0.0079
n02102973_1037.jpg,n02102973-Irish_water_spaniel,n02102973-Irish_water_spaniel,0.0082
n02102973_1142.jpg,n02102973-Irish_water_spaniel,n02102973-Irish_water_spaniel,0.0079
n02102973_158.jpg,n02102973-Irish_water_spaniel,n02102973-Irish_water_spaniel,0.0078
n02102973_1643.jpg,n02102973-Irish_water_spaniel,n02102973-Irish_water_spaniel,0.008
n02102973_220.jpg,n02102973-Irish_water_spaniel,n02102973-Irish_water_spaniel,0.0077
n02102973_2813.jpg,n02102973-Irish_water_spaniel,n02102973-Irish_water_spaniel,0.0078
n02102973_3635.jpg,n02102973-Irish_water_spaniel,n02102973-Irish_water_spaniel,0.0076
n02102973_782.jpg,n02102973-Irish_water_spaniel,n02102973-Irish_water_spaniel,0.0076
n02102973_87.jpg,n02102973-Irish_water_spaniel,n02102973-Irish_water_spaniel,0.0077
n02104029_1289.jpg,n02104029-kuvasz,n02104029-kuvasz,0.0101
n02104029_1781.jpg,n02104029-kuvasz,n02104029-kuvasz,0.0076
n02104029_3207.jpg,n02104029-kuvasz,n02104029-kuvasz,0.0097
n02104029_371.jpg,n02104029-kuvasz,n02104029-kuvasz,0.0076
n02104029_4431.jpg,n02104029-kuvasz,n02104029-kuvasz,0.0099
n02104029_4450.jpg,n02104029-kuvasz,n02104029-kuvasz,0.0076
n02104029_4679.jpg,n02104029-kuvasz,n02104029-kuvasz,0.0093
n02104029_4777.jpg,n02104029-kuvasz,n02104029-kuvasz,0.0076
n02104029_4815.jpg,n02104029-kuvasz,n02104029-kuvasz,0.0101
n02104365_3950.jpg,n02104365-schipperke,n02104365-schipperke,0.0076
n02104365_427.jpg,n02104365-schipperke,n02104365-schipperke,0.0091
n02104365_6384.jpg,n02104365-schipperke,n02104365-schipperke,0.0076
n02104365_6551.jpg,n02104365-schipperke,n02104365-schipperke,0.01
n02104365_6625.jpg,n02104365-schipperke,n02104365-schipperke,0.0077
n02104365_740.jpg,n02104365-schipperke,n02104365-schipperke,0.0102
n02104365_8466.jpg,n02104365-schipperke,n02104365-schipperke,0.0075
n02104365_8706.jpg,n02104365-schipperke,n02104365-schipperke,0.0087
n02104365_8998.jpg,n02104365-schipperke,n02104365-schipperke,0.0076
n02104365_9337.jpg,n02104365-schipperke,n02104365-schipperke,0.01
n02105162_2158.jpg,n02105162-malinois,n02105162-malinois,0.0075
n02105162_2223.jpg,n02105162-malinois,n02105162-malinois,0.0092
n02105162_5423.jpg,n02105162-malinois,n02105162-malinois,0.0078
n02105162_5759.jpg,n02105162-malinois,n02105162-malinois,0.0101
n02105162_5888.jpg,n02105162-malinois,n02105162-malinois,0.0075
n02105162_694.jpg,n02105162-malinois,n02105162-malinois,0.009
n02105162_7350.jpg,n02105162-malinois,n02115641-dingo,0.0081
n02105162_893.jpg,n02105162-malinois,n02105162-malinois,0.0101
n02105162_9188.jpg,n02105162-malinois,n02105162-malinois,0.0075
n02105251_1382.jpg,n02105251-briard,n02105251-briard,0.0101
n02105251_2317.jpg,n02105251-briard,n02105251-briard,0.0076
n02105251_3389.jpg,n02105251-briard,n02097474-Tibetan_terrier,0.01
n02105251_4223.jpg,n02105251-briard,n02105251-briard,0.0087
n02105251_6366.jpg,n02105251-briard,n02099267-flat-coated_retriever,0.0098
n02105251_6805.jpg,n02105251-briard,n02105251-briard,0.0077
n02105251_6907.jpg,n02105251-briard,n02105251-briard,0.0089
n02105251_6995.jpg,n02105251-briard,n02105251-briard,0.0077
n02105251_7086.jpg,n02105251-briard,n02095570-Lakeland_terrier,0.0099
n02105251_8896.jpg,n02105251-briard,n02105251-briard,0.0113
n02105412_1031.jpg,n02105412-kelpie,n02105412-kelpie,0.0076
n02105412_1159.jpg,n02105412-kelpie,n02105412-kelpie,0.0087
n02105412_1211.jpg,n02105412-kelpie,n02105412-kelpie,0.0077
n02105412_1464.jpg,n02105412-kelpie,n02105412-kelpie,0.0078
n02105412_1920.jpg,n02105412-kelpie,n02105412-kelpie,0.0079
n02105412_216.jpg,n02105412-kelpie,n02105412-kelpie,0.0084
n02105412_2386.jpg,n02105412-kelpie,n02105412-kelpie,0.0077
n02105412_2800.jpg,n02105412-kelpie,n02105412-kelpie,0.0077
n02105412_43.jpg,n02105412-kelpie,n02105412-kelpie,0.0079
n02105412_5395.jpg,n02105412-kelpie,n02107312-miniature_pinscher,0.0077
n02105505_1383.jpg,n02105505-komondor,n02105505-komondor,0.0083
n02105505_2426.jpg,n02105505-komondor,n02111277-Newfoundland,0.0076
n02105505_2685.jpg,n02105505-komondor,n02105641-Old_English_sheepdog,0.0084
n02105505_2873.jpg,n02105505-komondor,n02105505-komondor,0.0075
n02105505_317.jpg,n02105505-komondor,n02105505-komondor,0.008
n02105505_3389.jpg,n02105505-komondor,n02105505-komondor,0.0077
n02105505_3679.jpg,n02105505-komondor,n02105505-komondor,0.0084
n02105505_3698.jpg,n02105505-komondor,n02105505-komondor,0.0076
n02105505_3706.jpg,n02105505-komondor,n02105505-komondor,0.0075
n02105505_4435.jpg,n02105505-komondor,n02105505-komondor,0.0075
n02105641_10048.jpg,n02105641-Old_English_sheepdog,n02105641-Old_English_sheepdog,0.0074
n02105641_10188.jpg,n02105641-Old_English_sheepdog,n02105641-Old_English_sheepdog,0.0075
n02105641_1109.jpg,n02105641-Old_English_sheepdog,n02105641-Old_English_sheepdog,0.0076
n02105641_11313.jpg,n02105641-Old_English_sheepdog,n02105641-Old_English_sheepdog,0.0076
n02105641_169.jpg,n02105641-Old_English_sheepdog,n02105641-Old_English_sheepdog,0.0074
n02105641_1966.jpg,n02105641-Old_English_sheepdog,n02105641-Old_English_sheepdog,0.0075
n02105641_2905.jpg,n02105641-Old_English_sheepdog,n02105641-Old_English_sheepdog,0.0076
n02105641_3602.jpg,n02105641-Old_English_sheepdog,n02105641-Old_English_sheepdog,0.0077
n02105641_3800.jpg,n02105641-Old_English_sheepdog,n02101556-clumber,0.0074
n02105641_4997.jpg,n02105641-Old_English_sheepdog,n02105641-Old_English_sheepdog,0.0074
n02105641_6608.jpg,n02105641-Old_English_sheepdog,n02105641-Old_English_sheepdog,0.0076
n02105855_1013.jpg,n02105855-Shetland_sheepdog,n02105855-Shetland_sheepdog,0.0076
n02105855_15067.jpg,n02105855-Shetland_sheepdog,n02105855-Shetland_sheepdog,0.0075
n02105855_15196.jpg,n02105855-Shetland_sheepdog,n02105855-Shetland_sheepdog,0.0086
n02105855_15602.jpg,n02105855-Shetland_sheepdog,n02105855-Shetland_sheepdog,0.0075
n02105855_15820.jpg,n02105855-Shetland_sheepdog,n02105855-Shetland_sheepdog,0.0075
n02105855_19204.jpg,n02105855-Shetland_sheepdog,n02105855-Shetland_sheepdog,0.0074
n02105855_2172.jpg,n02105855-Shetland_sheepdog,n02105855-Shetland_sheepdog,0.0075
n02105855_7410.jpg,n02105855-Shetland_sheepdog,n02087046-toy_terrier,0.0077
n02105855_742.jpg,n02105855-Shetland_sheepdog,n02105855-Shetland_sheepdog,0.0077
n02105855_9093.jpg,n02105855-Shetland_sheepdog,n02105855-Shetland_sheepdog,0.0075
n02106030_13834.jpg,n02106030-collie,n02106030-collie,0.0075
n02106030_14677.jpg,n02106030-collie,n02106166-Border_collie,0.0076
n02106030_14811.jpg,n02106030-collie,n02106166-Border_collie,0.0076
n02106030_15923.jpg,n02106030-collie,n02106030-collie,0.0075
n02106030_16162.jpg,n02106030-collie,n02106030-collie,0.0074
n02106030_16181.jpg,n02106030-collie,n02106030-collie,0.0074
n02106030_16254.jpg,n02106030-collie,n02106166-Border_collie,0.0076
n02106030_16623.jpg,n02106030-collie,n02106030-collie,0.0075
n02106030_17819.jpg,n02106030-collie,n02105855-Shetland_sheepdog,0.0076
n02106030_991.jpg,n02106030-collie,n02106030-collie,0.0076
n02106166_1244.jpg,n02106166-Border_collie,n02106166-Border_collie,0.0077
n02106166_1284.jpg,n02106166-Border_collie,n02106166-Border_collie,0.0078
n02106166_1684.jpg,n02106166-Border_collie,n02106166-Border_collie,0.0077
n02106166_1776.jpg,n02106166-Border_collie,n02106166-Border_collie,0.0076
n02106166_204.jpg,n02106166-Border_collie,n02106166-Border_collie,0.0074
n02106166_2477.jpg,n02106166-Border_collie,n02106166-Border_collie,0.008
n02106166_3515.jpg,n02106166-Border_collie,n02106166-Border_collie,0.0075
n02106166_4957.jpg,n02106166-Border_collie,n02106166-Border_collie,0.0075
n02106166_6659.jpg,n02106166-Border_collie,n02106166-Border_collie,0.0075
n02106382_1365.jpg,n02106382-Bouvier_des_Flandres,n02106382-Bouvier_des_Flandres,0.0075
n02106382_1381.jpg,n02106382-Bouvier_des_Flandres,n02106382-Bouvier_des_Flandres,0.0075
n02106382_1440.jpg,n02106382-Bouvier_des_Flandres,n02106382-Bouvier_des_Flandres,0.0086
n02106382_2195.jpg,n02106382-Bouvier_des_Flandres,n02106382-Bouvier_des_Flandres,0.0076
n02106382_29.jpg,n02106382-Bouvier_des_Flandres,n02106382-Bouvier_des_Flandres,0.0074
n02106382_3692.jpg,n02106382-Bouvier_des_Flandres,n02106382-Bouvier_des_Flandres,0.0076
n02106382_3713.jpg,n02106382-Bouvier_des_Flandres,n02106382-Bouvier_des_Flandres,0.0075
n02106382_4034.jpg,n02106382-Bouvier_des_Flandres,n02106382-Bouvier_des_Flandres,0.0076
n02106382_653.jpg,n02106382-Bouvier_des_Flandres,n02106382-Bouvier_des_Flandres,0.0074
n02106662_15858.jpg,n02106662-German_shepherd,n02106662-German_shepherd,0.0075
n02106662_16129.jpg,n02106662-German_shepherd,n02106662-German_shepherd,0.0075
n02106662_16163.jpg,n02106662-German_shepherd,n02106662-German_shepherd,0.0075
n02106662_1637.jpg,n02106662-German_shepherd,n02106662-German_shepherd,0.0079
n02106662_21348.jpg,n02106662-German_shepherd,n02106662-German_shepherd,0.0077
n02106662_24774.jpg,n02106662-German_shepherd,n02091467-Norwegian_elkhound,0.0078
n02106662_25917.jpg,n02106662-German_shepherd,n02105412-kelpie,0.0099
n02106662_320.jpg,n02106662-German_shepherd,n02106662-German_shepherd,0.0078
n02106662_8246.jpg,n02106662-German_shepherd,n02097298-Scotch_terrier,0.0099
n02106662_9994.jpg,n02106662-German_shepherd,n02106662-German_shepherd,0.0074
n02107142_17147.jpg,n02107142-Doberman,n02107142-Doberman,0.0101
n02107142_17450.jpg,n02107142-Doberman,n02107142-Doberman,0.0074
n02107142_248.jpg,n02107142-Doberman,n02107142-Doberman,0.0092
n02107142_4663.jpg,n02107142-Doberman,n02107142-Doberman,0.0075
n02107142_4725.jpg,n02107142-Doberman,n02107142-Doberman,0.0096
n02107142_5766.jpg,n02107142-Doberman,n02107312-miniature_pinscher,0.0075
n02107142_7238.jpg,n02107142-Doberman,n02107142-Doberman,0.0084
n02107142_790.jpg,n02107142-Doberman,n02107142-Doberman,0.0075
n02107142_9772.jpg,n02107142-Doberman,n02107142-Doberman,0.0078
n02107312_1971.jpg,n02107312-miniature_pinscher,n02107312-miniature_pinscher,0.0075
n02107312_2967.jpg,n02107312-miniature_pinscher,n02107312-miniature_pinscher,0.0077
n02107312_398.jpg,n02107312-miniature_pinscher,n02107312-miniature_pinscher,0.0075
n02107312_458.jpg,n02107312-miniature_pinscher,n02107312-miniature_pinscher,0.0079
n02107312_5599.jpg,n02107312-miniature_pinscher,n02107312-miniature_pinscher,0.0077
n02107312_5665.jpg,n02107312-miniature_pinscher,n02087046-toy_terrier,0.0078
n02107312_6080.jpg,n02107312-miniature_pinscher,n02107312-miniature_pinscher,0.0076
n02107312_6680.jpg,n02107312-miniature_pinscher,n02107312-miniature_pinscher,0.0077
n02107312_6823.jpg,n02107312-miniature_pinscher,n02107312-miniature_pinscher,0.0077
n02107312_7.jpg,n02107312-miniature_pinscher,n02107312-miniature_pinscher,0.0079
n02107312_7128.jpg,n02107312-miniature_pinscher,n02105412-kelpie,0.0076
n02107312_7391.jpg,n02107312-miniature_pinscher,n02107312-miniature_pinscher,0.0077
n02107574_1019.jpg,n02107574-Greater_Swiss_Mountain_dog,n02107574-Greater_Swiss_Mountain_dog,0.0075
n02107574_1246.jpg,n02107574-Greater_Swiss_Mountain_dog,n02107574-Greater_Swiss_Mountain_dog,0.008
n02107574_1315.jpg,n02107574-Greater_Swiss_Mountain_dog,n02107574-Greater_Swiss_Mountain_dog,0.0081
n02107574_1597.jpg,n02107574-Greater_Swiss_Mountain_dog,n02107908-Appenzeller,0.0081
n02107574_2066.jpg,n02107574-Greater_Swiss_Mountain_dog,n02107574-Greater_Swiss_Mountain_dog,0.0076
n02107574_2370.jpg,n02107574-Greater_Swiss_Mountain_dog,n02108000-EntleBucher,0.0079
n02107574_2806.jpg,n02107574-Greater_Swiss_Mountain_dog,n02107574-Greater_Swiss_Mountain_dog,0.0078
n02107574_3099.jpg,n02107574-Greater_Swiss_Mountain_dog,n02107574-Greater_Swiss_Mountain_dog,0.0078
n02107574_3274.jpg,n02107574-Greater_Swiss_Mountain_dog,n02107574-Greater_Swiss_Mountain_dog,0.0113
n02107574_434.jpg,n02107574-Greater_Swiss_Mountain_dog,n02107574-Greater_Swiss_Mountain_dog,0.0078
n02107574_497.jpg,n02107574-Greater_Swiss_Mountain_dog,n02107574-Greater_Swiss_Mountain_dog,0.0078
n02107908_180.jpg,n02107908-Appenzeller,n02106166-Border_collie,0.0076
n02107908_2543.jpg,n02107908-Appenzeller,n02107908-Appenzeller,0.0078
n02107908_2963.jpg,n02107908-Appenzeller,n02108000-EntleBucher,0.0076
n02107908_3119.jpg,n02107908-Appenzeller,n02108000-EntleBucher,0.0078
n02107908_3254.jpg,n02107908-Appenzeller,n02107312-miniature_pinscher,0.0088
n02107908_4296.jpg,n02107908-Appenzeller,n02107908-Appenzeller,0.0076
n02107908_5312.jpg,n02107908-Appenzeller,n02108000-EntleBucher,0.0076
n02107908_6366.jpg,n02107908-Appenzeller,n02107908-Appenzeller,0.0075
n02107908_6567.jpg,n02107908-Appenzeller,n02107908-Appenzeller,0.0081
n02107908_7267.jpg,n02107908-Appenzeller,n02107908-Appenzeller,0.0076
n02108000_121.jpg,n02108000-EntleBucher,n02108000-EntleBucher,0.0075
n02108000_1468.jpg,n02108000-EntleBucher,n02108000-EntleBucher,0.0076
n02108000_1576.jpg,n02108000-EntleBucher,n02108000-EntleBucher,0.0074
n02108000_1904.jpg,n02108000-EntleBucher,n02108000-EntleBucher,0.0074
n02108000_191.jpg,n02108000-EntleBucher,n02108000-EntleBucher,0.0079
n02108000_2028.jpg,n02108000-EntleBucher,n02108000-EntleBucher,0.0076
n02108000_2399.jpg,n02108000-EntleBucher,n02108000-EntleBucher,0.0077
n02108000_2511.jpg,n02108000-EntleBucher,n02108000-EntleBucher,0.0078
n02108000_3113.jpg,n02108000-EntleBucher,n02108000-EntleBucher,0.0076
n02108000_3249.jpg,n02108000-EntleBucher,n02108000-EntleBucher,0.0075
n02108000_355.jpg,n02108000-EntleBucher,n02108000-EntleBucher,0.0098
n02108000_689.jpg,n02108000-EntleBucher,n02108000-EntleBucher,0.0077
n02108000_748.jpg,n02108000-EntleBucher,n02108000-EntleBucher,0.0075
n02108089_13526.jpg,n02108089-boxer,n02108089-boxer,0.0078
n02108089_1418.jpg,n02108089-boxer,n02108089-boxer,0.0075
n02108089_1575.jpg,n02108089-boxer,n02108089-boxer,0.008
n02108089_2831.jpg,n02108089-boxer,n02108089-boxer,0.0074
n02108089_2917.jpg,n02108089-boxer,n02108089-boxer,0.0076
n02108089_395.jpg,n02108089-boxer,n02108089-boxer,0.0074
n02108089_4681.jpg,n02108089-boxer,n02108089-boxer,0.0078
n02108089_69.jpg,n02108089-boxer,n02108089-boxer,0.0082
n02108089_995.jpg,n02108089-boxer,n02108089-boxer,0.0076
n02108422_1016.jpg,n02108422-bull_mastiff,n02108422-bull_mastiff,0.0078
n02108422_1869.jpg,n02108422-bull_mastiff,n02108422-bull_mastiff,0.0077
n02108422_2353.jpg,n02108422-bull_mastiff,n02108422-bull_mastiff,0.0079
n02108422_3277.jpg,n02108422-bull_mastiff,n02100583-vizsla,0.0077
n02108422_3398.jpg,n02108422-bull_mastiff,n02108089-boxer,0.0077
n02108422_3440.jpg,n02108422-bull_mastiff,n02108422-bull_mastiff,0.0075
n02108422_4454.jpg,n02108422-bull_mastiff,n02093991-Irish_terrier,0.0077
n02108422_4639.jpg,n02108422-bull_mastiff,n02108422-bull_mastiff,0.0079
n02108422_5261.jpg,n02108422-bull_mastiff,n02093428-American_Staffordshire_terrier,0.0078
n02108422_821.jpg,n02108422-bull_mastiff,n02108422-bull_mastiff,0.0075
n02108551_1815.jpg,n02108551-Tibetan_mastiff,n02108551-Tibetan_mastiff,0.0091
n02108551_2514.jpg,n02108551-Tibetan_mastiff,n02108551-Tibetan_mastiff,0.0076
n02108551_2658.jpg,n02108551-Tibetan_mastiff,n02108551-Tibetan_mastiff,0.0078
n02108551_2948.jpg,n02108551-Tibetan_mastiff,n02108551-Tibetan_mastiff,0.0075
n02108551_4682.jpg,n02108551-Tibetan_mastiff,n02108551-Tibetan_mastiff,0.0079
n02108551_4927.jpg,n02108551-Tibetan_mastiff,n02108551-Tibetan_mastiff,0.0076
n02108551_6100.jpg,n02108551-Tibetan_mastiff,n02108551-Tibetan_mastiff,0.0082
n02108551_6295.jpg,n02108551-Tibetan_mastiff,n02108551-Tibetan_mastiff,0.0079
n02108551_7788.jpg,n02108551-Tibetan_mastiff,n02108551-Tibetan_mastiff,0.0076
n02108551_854.jpg,n02108551-Tibetan_mastiff,n02108551-Tibetan_mastiff,0.0076
n02108915_10204.jpg,n02108915-French_bulldog,n02108915-French_bulldog,0.0075
n02108915_110.jpg,n02108915-French_bulldog,n02108915-French_bulldog,0.0075
n02108915_12317.jpg,n02108915-French_bulldog,n02108915-French_bulldog,0.0081
n02108915_160.jpg,n02108915-French_bulldog,n02096585-Boston_bull,0.0075
n02108915_1612.jpg,n02108915-French_bulldog,n02108915-French_bulldog,0.0076
n02108915_2380.jpg,n02108915-French_bulldog,n02108915-French_bulldog,0.0075
n02108915_3880.jpg,n02108915-French_bulldog,n02108915-French_bulldog,0.0075
n02108915_3913.jpg,n02108915-French_bulldog,n02108915-French_bulldog,0.0081
n02108915_4214.jpg,n02108915-French_bulldog,n02109047-Great_Dane,0.0077
n02108915_623.jpg,n02108915-French_bulldog,n02108915-French_bulldog,0.0076
n02109047_12899.jpg,n02109047-Great_Dane,n02109047-Great_Dane,0.0075
n02109047_19775.jpg,n02109047-Great_Dane,n02093428-American_Staffordshire_terrier,0.0075
n02109047_23058.jpg,n02109047-Great_Dane,n02109047-Great_Dane,0.0076
n02109047_24773.jpg,n02109047-Great_Dane,n02109047-Great_Dane,0.0091
n02109047_25291.jpg,n02109047-Great_Dane,n02109047-Great_Dane,0.0076
n02109047_2810.jpg,n02109047-Great_Dane,n02109047-Great_Dane,0.0094
n02109047_34102.jpg,n02109047-Great_Dane,n02109047-Great_Dane,0.0076
n02109047_6276.jpg,n02109047-Great_Dane,n02109047-Great_Dane,0.0098
n02109047_7156.jpg,n02109047-Great_Dane,n02109047-Great_Dane,0.0078
n02109047_9503.jpg,n02109047-Great_Dane,n02109047-Great_Dane,0.0111
n02109525_10146.jpg,n02109525-Saint_Bernard,n02109525-Saint_Bernard,0.0079
n02109525_13410.jpg,n02109525-Saint_Bernard,n02109525-Saint_Bernard,0.0076
n02109525_13780.jpg,n02109525-Saint_Bernard,n02109525-Saint_Bernard,0.0075
n02109525_13804.jpg,n02109525-Saint_Bernard,n02109525-Saint_Bernard,0.0075
n02109525_15746.jpg,n02109525-Saint_Bernard,n02109525-Saint_Bernard,0.0078
n02109525_370.jpg,n02109525-Saint_Bernard,n02109525-Saint_Bernard,0.0079
n02109525_5013.jpg,n02109525-Saint_Bernard,n02109525-Saint_Bernard,0.0087
n02109525_5264.jpg,n02109525-Saint_Bernard,n02111129-Leonberg,0.0074
n02109525_6693.jpg,n02109525-Saint_Bernard,n02109525-Saint_Bernard,0.0076
n02109525_7024.jpg,n02109525-Saint_Bernard,n02109525-Saint_Bernard,0.0075
n02109525_9872.jpg,n02109525-Saint_Bernard,n02109525-Saint_Bernard,0.0082
n02110063_10787.jpg,n02110063-malamute,n02110185-Siberian_husky,0.0074
n02110063_12294.jpg,n02110063-malamute,n02110063-malamute,0.0075
n02110063_12632.jpg,n02110063-malamute,n02110063-malamute,0.0075
n02110063_14434.jpg,n02110063-malamute,n02110185-Siberian_husky,0.0076
n02110063_16310.jpg,n02110063-malamute,n02110063-malamute,0.0077
n02110063_1791.jpg,n02110063-malamute,n02110063-malamute,0.0089
n02110063_17936.jpg,n02110063-malamute,n02110063-malamute,0.0079
n02110063_2481.jpg,n02110063-malamute,n02110063-malamute,0.0075
n02110063_4302.jpg,n02110063-malamute,n02110063-malamute,0.0074
n02110063_609.jpg,n02110063-malamute,n02110063-malamute,0.0079
n02110063_642.jpg,n02110063-malamute,n02110185-Siberian_husky,0.0074
n02110185_10273.jpg,n02110185-Siberian_husky,n02110185-Siberian_husky,0.0084
n02110185_10849.jpg,n02110185-Siberian_husky,n02110063-malamute,0.0083
n02110185_11580.jpg,n02110185-Siberian_husky,n02110185-Siberian_husky,0.0078
n02110185_12498.jpg,n02110185-Siberian_husky,n02110185-Siberian_husky,0.0075
n02110185_13282.jpg,n02110185-Siberian_husky,n02110063-malamute,0.0074
n02110185_14283.jpg,n02110185-Siberian_husky,n02110063-malamute,0.0075
n02110185_14479.jpg,n02110185-Siberian_husky,n02110185-Siberian_husky,0.0082
n02110185_4906.jpg,n02110185-Siberian_husky,n02110185-Siberian_husky,0.0074
n02110185_58.jpg,n02110185-Siberian_husky,n02110185-Siberian_husky,0.0077
n02110185_7246.jpg,n02110185-Siberian_husky,n02110185-Siberian_husky,0.0074
n02110185_7980.jpg,n02110185-Siberian_husky,n02110185-Siberian_husky,0.0078
n02110185_8327.jpg,n02110185-Siberian_husky,n02110185-Siberian_husky,0.0082
n02110627_10437.jpg,n02110627-affenpinscher,n02110627-affenpinscher,0.0079
n02110627_13654.jpg,n02110627-affenpinscher,n02110627-affenpinscher,0.0076
n02110627_1387.jpg,n02110627-affenpinscher,n02097209-standard_schnauzer,0.0079
n02110627_1844.jpg,n02110627-affenpinscher,n02108089-boxer,0.0078
n02110627_1966.jpg,n02110627-affenpinscher,n02110627-affenpinscher,0.0079
n02110627_2748.jpg,n02110627-affenpinscher,n02110627-affenpinscher,0.0077
n02110627_3246.jpg,n02110627-affenpinscher,n02110627-affenpinscher,0.0078
n02110627_4086.jpg,n02110627-affenpinscher,n02110627-affenpinscher,0.0074
n02110627_8033.jpg,n02110627-affenpinscher,n02110627-affenpinscher,0.0079
n02110806_2356.jpg,n02110806-basenji,n02110806-basenji,0.0074
n02110806_3093.jpg,n02110806-basenji,n02110806-basenji,0.0078
n02110806_3638.jpg,n02110806-basenji,n02110806-basenji,0.0076
n02110806_3974.jpg,n02110806-basenji,n02110806-basenji,0.0077
n02110806_3995.jpg,n02110806-basenji,n02087046-toy_terrier,0.0077
n02110806_4289.jpg,n02110806-basenji,n02110806-basenji,0.0076
n02110806_4472.jpg,n02110806-basenji,n02110806-basenji,0.0079
n02110806_5256.jpg,n02110806-basenji,n02110806-basenji,0.0078
n02110806_5861.jpg,n02110806-basenji,n02110806-basenji,0.01
n02110806_6323.jpg,n02110806-basenji,n02110806-basenji,0.0074
n02110806_673.jpg,n02110806-basenji,n02110806-basenji,0.0098
n02110806_761.jpg,n02110806-basenji,n02110806-basenji,0.0075
n02110806_849.jpg,n02110806-basenji,n02110806-basenji,0.0098
n02110958_10.jpg,n02110958-pug,n02110958-pug,0.0098
n02110958_11825.jpg,n02110958-pug,n02110958-pug,0.0097
n02110958_12130.jpg,n02110958-pug,n02110958-pug,0.0075
n02110958_13439.jpg,n02110958-pug,n02110958-pug,0.0101
n02110958_15351.jpg,n02110958-pug,n02110958-pug,0.0074
n02110958_15663.jpg,n02110958-pug,n02110958-pug,0.0098
n02110958_16492.jpg,n02110958-pug,n02110958-pug,0.0074
n02110958_1975.jpg,n02110958-pug,n02110958-pug,0.0099
n02110958_2154.jpg,n02110958-pug,n02110958-pug,0.0076
n02110958_3644.jpg,n02110958-pug,n02110958-pug,0.0074
n02110958_483.jpg,n02110958-pug,n02108422-bull_mastiff,0.0075
n02110958_9505.jpg,n02110958-pug,n02110958-pug,0.0074
n02111129_1065.jpg,n02111129-Leonberg,n02111129-Leonberg,0.0074
n02111129_1383.jpg,n02111129-Leonberg,n02111129-Leonberg,0.0074
n02111129_1390.jpg,n02111129-Leonberg,n02111129-Leonberg,0.0075
n02111129_2153.jpg,n02111129-Leonberg,n02111129-Leonberg,0.0099
n02111129_2554.jpg,n02111129-Leonberg,n02111129-Leonberg,0.0074
n02111129_2739.jpg,n02111129-Leonberg,n02111129-Leonberg,0.0099
n02111129_3770.jpg,n02111129-Leonberg,n02111129-Leonberg,0.0075
n02111129_4017.jpg,n02111129-Leonberg,n02111129-Leonberg,0.0098
n02111129_4048.jpg,n02111129-Leonberg,n02111129-Leonberg,0.0074
n02111129_4533.jpg,n02111129-Leonberg,n02111129-Leonberg,0.0095
n02111129_4618.jpg,n02111129-Leonberg,n02111129-Leonberg,0.0074
n02111129_5300.jpg,n02111129-Leonberg,n02111129-Leonberg,0.0099
n02111129_593.jpg,n02111129-Leonberg,n02111129-Leonberg,0.0075
n02111277_10237.jpg,n02111277-Newfoundland,n02111277-Newfoundland,0.0098
n02111277_11530.jpg,n02111277-Newfoundland,n02111277-Newfoundland,0.0074
n02111277_11934.jpg,n02111277-Newfoundland,n02111277-Newfoundland,0.0099
n02111277_12381.jpg,n02111277-Newfoundland,n02111277-Newfoundland,0.0075
n02111277_2261.jpg,n02111277-Newfoundland,n02111277-Newfoundland,0.0095
n02111277_2636.jpg,n02111277-Newfoundland,n02111277-Newfoundland,0.0075
n02111277_2865.jpg,n02111277-Newfoundland,n02111277-Newfoundland,0.0099
n02111277_5879.jpg,n02111277-Newfoundland,n02111277-Newfoundland,0.0074
n02111277_6017.jpg,n02111277-Newfoundland,n02111277-Newfoundland,0.0097
n02111277_6211.jpg,n02111277-Newfoundland,n02111277-Newfoundland,0.0075
n02111277_7377.jpg,n02111277-Newfoundland,n02111277-Newfoundland,0.01
n02111277_7760.jpg,n02111277-Newfoundland,n02090721-Irish_wolfhound,0.0074
n02112018_1146.jpg,n02112018-Pomeranian,n02112018-Pomeranian,0.0098
n02112018_12853.jpg,n02112018-Pomeranian,n02112018-Pomeranian,0.0074
n02112018_13581.jpg,n02112018-Pomeranian,n02112018-Pomeranian,0.0098
n02112018_3666.jpg,n02112018-Pomeranian,n02112018-Pomeranian,0.0079
n02112018_3742.jpg,n02112018-Pomeranian,n02112018-Pomeranian,0.0097
n02112018_4206.jpg,n02112018-Pomeranian,n02112018-Pomeranian,0.0085
n02112018_4644.jpg,n02112018-Pomeranian,n02112018-Pomeranian,0.0078
n02112018_5860.jpg,n02112018-Pomeranian,n02112018-Pomeranian,0.0078
n02112018_5959.jpg,n02112018-Pomeranian,n02112018-Pomeranian,0.0076
n02112018_6121.jpg,n02112018-Pomeranian,n02112018-Pomeranian,0.0082
n02112018_651.jpg,n02112018-Pomeranian,n02112018-Pomeranian,0.0079
n02112018_6676.jpg,n02112018-Pomeranian,n02112018-Pomeranian,0.0077
n02112018_7880.jpg,n02112018-Pomeranian,n02112018-Pomeranian,0.0078
n02112018_869.jpg,n02112018-Pomeranian,n02112018-Pomeranian,0.0077
n02112137_12766.jpg,n02112137-chow,n02112137-chow,0.008
n02112137_12792.jpg,n02112137-chow,n02112137-chow,0.008
n02112137_14255.jpg,n02112137-chow,n02112137-chow,0.0076
n02112137_1687.jpg,n02112137-chow,n02112137-chow,0.0078
n02112137_17733.jpg,n02112137-chow,n02112137-chow,0.0076
n02112137_1795.jpg,n02112137-chow,n02112137-chow,0.0078
n02112137_2181.jpg,n02112137-chow,n02112137-chow,0.0077
n02112137_2745.jpg,n02112137-chow,n02112137-chow,0.0076
n02112137_2850.jpg,n02112137-chow,n02112137-chow,0.0077
n02112137_3237.jpg,n02112137-chow,n02112137-chow,0.0075
n02112137_528.jpg,n02112137-chow,n02112137-chow,0.0077
n02112137_7302.jpg,n02112137-chow,n02112137-chow,0.0075
n02112350_7246.jpg,n02112350-keeshond,n02112350-keeshond,0.0081
n02112350_7317.jpg,n02112350-keeshond,n02112350-keeshond,0.0076
n02112350_7826.jpg,n02112350-keeshond,n02112350-keeshond,0.0076
n02112350_8184.jpg,n02112350-keeshond,n02112350-keeshond,0.0075
n02112350_8572.jpg,n02112350-keeshond,n02112350-keeshond,0.0078
n02112350_8593.jpg,n02112350-keeshond,n02112350-keeshond,0.0079
n02112350_8713.jpg,n02112350-keeshond,n02112350-keeshond,0.0082
n02112350_8734.jpg,n02112350-keeshond,n02112350-keeshond,0.0077
n02112350_9255.jpg,n02112350-keeshond,n02112350-keeshond,0.0078
n02112350_9769.jpg,n02112350-keeshond,n02112350-keeshond,0.0076
n02112706_1303.jpg,n02112706-Brabancon_griffon,n02112706-Brabancon_griffon,0.0075
n02112706_1875.jpg,n02112706-Brabancon_griffon,n02112706-Brabancon_griffon,0.0078
n02112706_2184.jpg,n02112706-Brabancon_griffon,n02086079-Pekinese,0.0077
n02112706_549.jpg,n02112706-Brabancon_griffon,n02112706-Brabancon_griffon,0.0078
n02112706_602.jpg,n02112706-Brabancon_griffon,n02105162-malinois,0.0078
n02112706_663.jpg,n02112706-Brabancon_griffon,n02112706-Brabancon_griffon,0.0077
n02112706_68.jpg,n02112706-Brabancon_griffon,n02110627-affenpinscher,0.0075
n02112706_726.jpg,n02112706-Brabancon_griffon,n02112706-Brabancon_griffon,0.0077
n02112706_793.jpg,n02112706-Brabancon_griffon,n02112706-Brabancon_griffon,0.0081
n02112706_977.jpg,n02112706-Brabancon_griffon,n02112706-Brabancon_griffon,0.0076
n02113023_1198.jpg,n02113023-Pembroke,n02113023-Pembroke,0.0077
n02113023_12192.jpg,n02113023-Pembroke,n02113023-Pembroke,0.0078
n02113023_1373.jpg,n02113023-Pembroke,n02113023-Pembroke,0.008
n02113023_1659.jpg,n02113023-Pembroke,n02113023-Pembroke,0.0094
n02113023_1976.jpg,n02113023-Pembroke,n02113023-Pembroke,0.0079
n02113023_2970.jpg,n02113023-Pembroke,n02113023-Pembroke,0.0079
n02113023_3840.jpg,n02113023-Pembroke,n02113023-Pembroke,0.0078
n02113023_4045.jpg,n02113023-Pembroke,n02085620-Chihuahua,0.0076
n02113023_6030.jpg,n02113023-Pembroke,n02113023-Pembroke,0.0079
n02113023_6869.jpg,n02113023-Pembroke,n02113023-Pembroke,0.008
n02113023_8021.jpg,n02113023-Pembroke,n02113023-Pembroke,0.0079
n02113624_1929.jpg,n02113624-toy_poodle,n02104029-kuvasz,0.0076
n02113624_223.jpg,n02113624-toy_poodle,n02113624-toy_poodle,0.0077
n02113624_2242.jpg,n02113624-toy_poodle,n02113624-toy_poodle,0.0078
n02113624_253.jpg,n02113624-toy_poodle,n02113624-toy_poodle,0.0076
n02113624_2639.jpg,n02113624-toy_poodle,n02113712-miniature_poodle,0.0079
n02113624_3103.jpg,n02113624-toy_poodle,n02113712-miniature_poodle,0.0076
n02113624_3691.jpg,n02113624-toy_poodle,n02099849-Chesapeake_Bay_retriever,0.0079
n02113624_429.jpg,n02113624-toy_poodle,n02113712-miniature_poodle,0.0076
n02113624_528.jpg,n02113624-toy_poodle,n02113712-miniature_poodle,0.0082
n02113624_8951.jpg,n02113624-toy_poodle,n02097298-Scotch_terrier,0.0085
n02113712_163.jpg,n02113712-miniature_poodle,n02113712-miniature_poodle,0.0077
n02113712_212.jpg,n02113712-miniature_poodle,n02113712-miniature_poodle,0.0075
n02113712_2249.jpg,n02113712-miniature_poodle,n02100236-German_short-haired_pointer,0.0077
n02113712_2596.jpg,n02113712-miniature_poodle,n02113624-toy_poodle,0.0075
n02113712_291.jpg,n02113712-miniature_poodle,n02113799-standard_poodle,0.0077
n02113712_3203.jpg,n02113712-miniature_poodle,n02113624-toy_poodle,0.0075
n02113712_3315.jpg,n02113712-miniature_poodle,n02113624-toy_poodle,0.0078
n02113712_612.jpg,n02113712-miniature_poodle,n02113712-miniature_poodle,0.0076
n02113712_8008.jpg,n02113712-miniature_poodle,n02113712-miniature_poodle,0.008
n02113712_919.jpg,n02113712-miniature_poodle,n02113712-miniature_poodle,0.0076
n02113799_1793.jpg,n02113799-standard_poodle,n02113799-standard_poodle,0.0078
n02113799_2248.jpg,n02113799-standard_poodle,n02113799-standard_poodle,0.0092
n02113799_2291.jpg,n02113799-standard_poodle,n02113712-miniature_poodle,0.0076
n02113799_2478.jpg,n02113799-standard_poodle,n02113799-standard_poodle,0.0098
n02113799_4761.jpg,n02113799-standard_poodle,n02099712-Labrador_retriever,0.0081
n02113799_5157.jpg,n02113799-standard_poodle,n02113712-miniature_poodle,0.0075
n02113799_6634.jpg,n02113799-standard_poodle,n02096051-Airedale,0.0077
n02113799_7649.jpg,n02113799-standard_poodle,n02113799-standard_poodle,0.0077
n02113799_895.jpg,n02113799-standard_poodle,n02113799-standard_poodle,0.008
n02113799_923.jpg,n02113799-standard_poodle,n02113799-standard_poodle,0.0077
n02115641_12541.jpg,n02115641-dingo,n02105412-kelpie,0.008
n02115641_13253.jpg,n02115641-dingo,n02115641-dingo,0.0076
n02115641_1574.jpg,n02115641-dingo,n02115641-dingo,0.0081
n02115641_2041.jpg,n02115641-dingo,n02115641-dingo,0.0076
n02115641_2701.jpg,n02115641-dingo,n02115641-dingo,0.0078
n02115641_3214.jpg,n02115641-dingo,n02115641-dingo,0.0076
n02115641_4830.jpg,n02115641-dingo,n02105412-kelpie,0.0106
n02115641_5320.jpg,n02115641-dingo,n02115641-dingo,0.0076
n02115641_5823.jpg,n02115641-dingo,n02115641-dingo,0.0084
n02115641_6407.jpg,n02115641-dingo,n02115641-dingo,0.0076
n02115913_2138.jpg,n02115913-dhole,n02115913-dhole,0.0078
n02115913_2480.jpg,n02115913-dhole,n02115913-dhole,0.0076
n02115913_3601.jpg,n02115913-dhole,n02115913-dhole,0.0078
n02115913_3854.jpg,n02115913-dhole,n02115913-dhole,0.0076
n02115913_3994.jpg,n02115913-dhole,n02115913-dhole,0.0077
n02115913_4179.jpg,n02115913-dhole,n02115913-dhole,0.0075
n02115913_4188.jpg,n02115913-dhole,n02115913-dhole,0.0079
n02115913_564.jpg,n02115913-dhole,n02115913-dhole,0.0075
n02115913_92.jpg,n02115913-dhole,n02115913-dhole,0.0076
